{
  "manual_dir": "/Users/ah000132/Documents/JRI_FOX/sample_system/manuals",
  "code_dir": "/Users/ah000132/Documents/JRI_FOX/doc-code-mapper/sample_system/source_code",
  "generated_at": "2025-11-19T00:52:07.968863+00:00",
  "documents": [
    {
      "manual_path": "/Users/ah000132/Documents/JRI_FOX/sample_system/manuals/m1.md",
      "title": "m1",
      "keywords": [
        "nginx",
        "start nginx",
        "stop nginx",
        "reload configuration",
        "configuration file structure",
        "serve static content",
        "proxy server configuration",
        "FastCGI application connection",
        "master process",
        "worker processes",
        "event-based model",
        "request distribution",
        "worker_processes",
        "nginx.conf",
        "configuration file location",
        "CPU core adjustment",
        "nginx installation",
        "basic introduction",
        "simple tasks",
        "nginx modules"
      ],
      "matches": [
        {
          "keyword": "nginx",
          "occurrences": [
            {
              "file_path": "nginx-master/CODE_OF_CONDUCT.md",
              "line_number": 63,
              "line_preview": "<nginx-oss-community@f5.com>. All complaints will be reviewed and investigated"
            },
            {
              "file_path": "nginx-master/LICENSE",
              "line_number": 2,
              "line_preview": "Copyright (C) 2011-2025 Nginx, Inc."
            },
            {
              "file_path": "nginx-master/README.md",
              "line_number": 4,
              "line_preview": "<img alt=\"NGINX Banner\">"
            },
            {
              "file_path": "nginx-master/README.md",
              "line_number": 7,
              "line_preview": "NGINX (pronounced \"engine x\" or \"en-jin-eks\") is the world's most popular Web Server, high performance Load Balancer, Reverse Proxy, API Gateway and Content Cache."
            },
            {
              "file_path": "nginx-master/README.md",
              "line_number": 9,
              "line_preview": "NGINX is free and open source software, distributed under the terms of a simplified [2-clause BSD-like license](LICENSE)."
            }
          ]
        },
        {
          "keyword": "start nginx",
          "occurrences": []
        },
        {
          "keyword": "stop nginx",
          "occurrences": []
        },
        {
          "keyword": "reload configuration",
          "occurrences": [
            {
              "file_path": "nginx-master/docs/man/nginx.8",
              "line_number": 122,
              "line_preview": "Reload configuration, start the new worker process with a new"
            }
          ]
        },
        {
          "keyword": "configuration file structure",
          "occurrences": []
        },
        {
          "keyword": "serve static content",
          "occurrences": []
        },
        {
          "keyword": "proxy server configuration",
          "occurrences": []
        },
        {
          "keyword": "FastCGI application connection",
          "occurrences": []
        },
        {
          "keyword": "master process",
          "occurrences": [
            {
              "file_path": "nginx-master/docs/man/nginx.8",
              "line_number": 76,
              "line_preview": "Send a signal to the master process."
            },
            {
              "file_path": "nginx-master/docs/man/nginx.8",
              "line_number": 114,
              "line_preview": "The master process of"
            },
            {
              "file_path": "nginx-master/src/misc/ngx_google_perftools_module.c",
              "line_number": 105,
              "line_preview": "/* disable inherited Profiler enabled in master process */"
            },
            {
              "file_path": "nginx-master/src/core/nginx.c",
              "line_number": 411,
              "line_preview": "\"  -s signal     : send signal to a master process: \""
            },
            {
              "file_path": "nginx-master/src/core/nginx.c",
              "line_number": 1293,
              "line_preview": "\"if the master process runs \""
            }
          ]
        },
        {
          "keyword": "worker processes",
          "occurrences": [
            {
              "file_path": "nginx-master/README.md",
              "line_number": 72,
              "line_preview": "- A \"master\" process that maintains worker processes, as well as, reads and evaluates configuration files."
            },
            {
              "file_path": "nginx-master/README.md",
              "line_number": 75,
              "line_preview": "The number of [worker processes](https://nginx.org/en/docs/ngx_core_module.html#worker_processes) is defined in the configuration file and may be fixed for a given configuration or automatically adjusted to the number of available CPU cores. In most cases, the latter option optimally balances load across available system resources, as NGINX is designed to efficiently distribute work across all worker processes."
            },
            {
              "file_path": "nginx-master/README.md",
              "line_number": 78,
              "line_preview": "> Processes synchronize data through shared memory. For this reason, many NGINX directives require the allocation of shared memory zones. As an example, when configuring [rate limiting](https://nginx.org/en/docs/http/ngx_http_limit_req_module.html#limit_req), connecting clients may need to be tracked in a [common memory zone](https://nginx.org/en/docs/http/ngx_http_limit_req_module.html#limit_req_zone) so all worker processes can know how many times a particular client has accessed the server in a span of time."
            },
            {
              "file_path": "nginx-master/auto/options",
              "line_number": 441,
              "line_preview": "worker processes"
            },
            {
              "file_path": "nginx-master/auto/options",
              "line_number": 443,
              "line_preview": "worker processes"
            }
          ]
        },
        {
          "keyword": "event-based model",
          "occurrences": []
        },
        {
          "keyword": "request distribution",
          "occurrences": []
        },
        {
          "keyword": "worker_processes",
          "occurrences": [
            {
              "file_path": "nginx-master/README.md",
              "line_number": 75,
              "line_preview": "The number of [worker processes](https://nginx.org/en/docs/ngx_core_module.html#worker_processes) is defined in the configuration file and may be fixed for a given configuration or automatically adjusted to the number of available CPU cores. In most cases, the latter option optimally balances load across available system resources, as NGINX is designed to efficiently distribute work across all worker processes."
            },
            {
              "file_path": "nginx-master/docs/man/nginx.8",
              "line_number": 192,
              "line_preview": "-g \"pid /var/run/mynginx.pid; worker_processes 2;\""
            },
            {
              "file_path": "nginx-master/contrib/vim/syntax/nginx.vim",
              "line_number": 704,
              "line_preview": "syn keyword ngxDirective contained worker_processes"
            },
            {
              "file_path": "nginx-master/conf/nginx.conf",
              "line_number": 3,
              "line_preview": "worker_processes  1;"
            },
            {
              "file_path": "nginx-master/src/core/ngx_cycle.h",
              "line_number": 96,
              "line_preview": "ngx_int_t                 worker_processes;"
            }
          ]
        },
        {
          "keyword": "nginx.conf",
          "occurrences": [
            {
              "file_path": "nginx-master/misc/GNUmakefile",
              "line_number": 47,
              "line_preview": "--conf-path=conf/nginx.conf\t\t\t\t\\"
            },
            {
              "file_path": "nginx-master/auto/options",
              "line_number": 435,
              "line_preview": "--conf-path=PATH                   set nginx.conf pathname"
            },
            {
              "file_path": "nginx-master/auto/options",
              "line_number": 622,
              "line_preview": "NGX_CONF_PATH=${NGX_CONF_PATH:-conf/nginx.conf}"
            },
            {
              "file_path": "nginx-master/auto/install",
              "line_number": 148,
              "line_preview": "|| cp conf/nginx.conf '\\$(DESTDIR)$NGX_CONF_PATH'"
            },
            {
              "file_path": "nginx-master/auto/install",
              "line_number": 149,
              "line_preview": "cp conf/nginx.conf '\\$(DESTDIR)$NGX_CONF_PREFIX/nginx.conf.default'"
            }
          ]
        },
        {
          "keyword": "configuration file location",
          "occurrences": []
        },
        {
          "keyword": "CPU core adjustment",
          "occurrences": []
        },
        {
          "keyword": "nginx installation",
          "occurrences": [
            {
              "file_path": "nginx-master/README.md",
              "line_number": 111,
              "line_preview": "See [Configuring HTTPS servers](https://nginx.org/en/docs/http/configuring_https_servers.html) for a quick guide on how to enable secure traffic to your NGINX installation."
            }
          ]
        },
        {
          "keyword": "basic introduction",
          "occurrences": []
        },
        {
          "keyword": "simple tasks",
          "occurrences": []
        },
        {
          "keyword": "nginx modules",
          "occurrences": [
            {
              "file_path": "nginx-master/README.md",
              "line_number": 54,
              "line_preview": "NGINX modules can be built and distributed as static or dynamic modules. Static modules are defined at build-time, compiled, and distributed in the resulting binaries. See [Dynamic Modules](#dynamic-modules) for more information on how they work, as well as, how to obtain, install, and configure them."
            },
            {
              "file_path": "nginx-master/SECURITY.md",
              "line_number": 94,
              "line_preview": "The policy applies to all nginx modules included in this repository. Security"
            },
            {
              "file_path": "nginx-master/auto/summary",
              "line_number": 49,
              "line_preview": "nginx modules path: \"$NGX_MODULES_PATH\""
            }
          ]
        }
      ]
    },
    {
      "manual_path": "/Users/ah000132/Documents/JRI_FOX/sample_system/manuals/m2.md",
      "title": "m2",
      "keywords": [
        "nginx",
        "start",
        "stop",
        "quit",
        "reload",
        "reopen",
        "fast shutdown",
        "graceful shutdown",
        "reload configuration",
        "reopening log files",
        "configuration file",
        "syntax validity",
        "worker processes",
        "master process",
        "process ID",
        "kill utility",
        "nginx.pid",
        "running processes",
        "ps utility",
        "Controlling nginx"
      ],
      "matches": [
        {
          "keyword": "nginx",
          "occurrences": [
            {
              "file_path": "nginx-master/CODE_OF_CONDUCT.md",
              "line_number": 63,
              "line_preview": "<nginx-oss-community@f5.com>. All complaints will be reviewed and investigated"
            },
            {
              "file_path": "nginx-master/LICENSE",
              "line_number": 2,
              "line_preview": "Copyright (C) 2011-2025 Nginx, Inc."
            },
            {
              "file_path": "nginx-master/README.md",
              "line_number": 4,
              "line_preview": "<img alt=\"NGINX Banner\">"
            },
            {
              "file_path": "nginx-master/README.md",
              "line_number": 7,
              "line_preview": "NGINX (pronounced \"engine x\" or \"en-jin-eks\") is the world's most popular Web Server, high performance Load Balancer, Reverse Proxy, API Gateway and Content Cache."
            },
            {
              "file_path": "nginx-master/README.md",
              "line_number": 9,
              "line_preview": "NGINX is free and open source software, distributed under the terms of a simplified [2-clause BSD-like license](LICENSE)."
            }
          ]
        },
        {
          "keyword": "start",
          "occurrences": [
            {
              "file_path": "nginx-master/README.md",
              "line_number": 27,
              "line_preview": "- [Getting started with NGINX](#getting-started-with-nginx)"
            },
            {
              "file_path": "nginx-master/README.md",
              "line_number": 107,
              "line_preview": "# Getting started with NGINX"
            },
            {
              "file_path": "nginx-master/README.md",
              "line_number": 114,
              "line_preview": "For a quick start guide on configuring NGINX as a Load Balancer, please see [Using nginx as HTTP load balancer](https://nginx.org/en/docs/http/load_balancing.html)."
            },
            {
              "file_path": "nginx-master/README.md",
              "line_number": 202,
              "line_preview": "The output of which should start with:"
            },
            {
              "file_path": "nginx-master/README.md",
              "line_number": 213,
              "line_preview": "- [NGINX GitHub Discussions](https://github.com/nginx/nginx/discussions), is the go-to place to start asking questions and sharing your thoughts."
            }
          ]
        },
        {
          "keyword": "stop",
          "occurrences": [
            {
              "file_path": "nginx-master/auto/unix",
              "line_number": 507,
              "line_preview": "ngx_feature=\"TCP_FASTOPEN\""
            },
            {
              "file_path": "nginx-master/auto/unix",
              "line_number": 508,
              "line_preview": "ngx_feature_name=\"NGX_HAVE_TCP_FASTOPEN\""
            },
            {
              "file_path": "nginx-master/auto/unix",
              "line_number": 515,
              "line_preview": "ngx_feature_test=\"setsockopt(0, IPPROTO_TCP, TCP_FASTOPEN, NULL, 0)\""
            },
            {
              "file_path": "nginx-master/auto/lib/google-perftools/conf",
              "line_number": 12,
              "line_preview": "ngx_feature_test=\"void ProfilerStop(void);"
            },
            {
              "file_path": "nginx-master/auto/lib/google-perftools/conf",
              "line_number": 13,
              "line_preview": "ProfilerStop()\""
            }
          ]
        },
        {
          "keyword": "quit",
          "occurrences": [
            {
              "file_path": "nginx-master/auto/install",
              "line_number": 217,
              "line_preview": "kill -QUIT \\`cat $NGX_PID_PATH.oldbin\\`"
            },
            {
              "file_path": "nginx-master/docs/man/nginx.8",
              "line_number": 80,
              "line_preview": ".Cm stop , quit , reopen , reload ."
            },
            {
              "file_path": "nginx-master/docs/man/nginx.8",
              "line_number": 86,
              "line_preview": ".It Cm quit"
            },
            {
              "file_path": "nginx-master/docs/man/nginx.8",
              "line_number": 87,
              "line_preview": ".Dv SIGQUIT"
            },
            {
              "file_path": "nginx-master/docs/man/nginx.8",
              "line_number": 124,
              "line_preview": ".It Dv SIGQUIT"
            }
          ]
        },
        {
          "keyword": "reload",
          "occurrences": [
            {
              "file_path": "nginx-master/docs/man/nginx.8",
              "line_number": 80,
              "line_preview": ".Cm stop , quit , reopen , reload ."
            },
            {
              "file_path": "nginx-master/docs/man/nginx.8",
              "line_number": 90,
              "line_preview": ".It Cm reload"
            },
            {
              "file_path": "nginx-master/docs/man/nginx.8",
              "line_number": 122,
              "line_preview": "Reload configuration, start the new worker process with a new"
            },
            {
              "file_path": "nginx-master/contrib/vim/syntax/nginx.vim",
              "line_number": 290,
              "line_preview": "syn keyword ngxDirective contained http2_push_preload"
            },
            {
              "file_path": "nginx-master/contrib/vim/syntax/nginx.vim",
              "line_number": 327,
              "line_preview": "syn keyword ngxDirective contained js_preload_object"
            }
          ]
        },
        {
          "keyword": "reopen",
          "occurrences": [
            {
              "file_path": "nginx-master/docs/man/nginx.8",
              "line_number": 80,
              "line_preview": ".Cm stop , quit , reopen , reload ."
            },
            {
              "file_path": "nginx-master/docs/man/nginx.8",
              "line_number": 83,
              "line_preview": ".Bl -tag -width \".Cm reopen\" -compact"
            },
            {
              "file_path": "nginx-master/docs/man/nginx.8",
              "line_number": 88,
              "line_preview": ".It Cm reopen"
            },
            {
              "file_path": "nginx-master/docs/man/nginx.8",
              "line_number": 127,
              "line_preview": "Reopen log files."
            },
            {
              "file_path": "nginx-master/docs/man/nginx.8",
              "line_number": 145,
              "line_preview": "Reopen log files."
            }
          ]
        },
        {
          "keyword": "fast shutdown",
          "occurrences": []
        },
        {
          "keyword": "graceful shutdown",
          "occurrences": [
            {
              "file_path": "nginx-master/src/event/quic/ngx_event_quic.c",
              "line_number": 430,
              "line_preview": "qc->error_reason = \"graceful shutdown\";"
            }
          ]
        },
        {
          "keyword": "reload configuration",
          "occurrences": [
            {
              "file_path": "nginx-master/docs/man/nginx.8",
              "line_number": 122,
              "line_preview": "Reload configuration, start the new worker process with a new"
            }
          ]
        },
        {
          "keyword": "reopening log files",
          "occurrences": []
        },
        {
          "keyword": "configuration file",
          "occurrences": [
            {
              "file_path": "nginx-master/README.md",
              "line_number": 65,
              "line_preview": "NGINX is highly flexible and configurable. Provisioning the software is achieved via text-based config file(s) accepting parameters called \"[Directives](https://nginx.org/en/docs/dirindex.html)\". See [Configuration File's Structure](https://nginx.org/en/docs/beginners_guide.html#conf_structure) for a comprehensive description of how NGINX configuration files work."
            },
            {
              "file_path": "nginx-master/README.md",
              "line_number": 72,
              "line_preview": "- A \"master\" process that maintains worker processes, as well as, reads and evaluates configuration files."
            },
            {
              "file_path": "nginx-master/README.md",
              "line_number": 75,
              "line_preview": "The number of [worker processes](https://nginx.org/en/docs/ngx_core_module.html#worker_processes) is defined in the configuration file and may be fixed for a given configuration or automatically adjusted to the number of available CPU cores. In most cases, the latter option optimally balances load across available system resources, as NGINX is designed to efficiently distribute work across all worker processes."
            },
            {
              "file_path": "nginx-master/SECURITY.md",
              "line_number": 76,
              "line_preview": "In nginx, configuration files, modules, certificate/key pairs, nginx JavaScript,"
            },
            {
              "file_path": "nginx-master/auto/summary",
              "line_number": 51,
              "line_preview": "nginx configuration file: \"$NGX_CONF_PATH\""
            }
          ]
        },
        {
          "keyword": "syntax validity",
          "occurrences": []
        },
        {
          "keyword": "worker processes",
          "occurrences": [
            {
              "file_path": "nginx-master/README.md",
              "line_number": 72,
              "line_preview": "- A \"master\" process that maintains worker processes, as well as, reads and evaluates configuration files."
            },
            {
              "file_path": "nginx-master/README.md",
              "line_number": 75,
              "line_preview": "The number of [worker processes](https://nginx.org/en/docs/ngx_core_module.html#worker_processes) is defined in the configuration file and may be fixed for a given configuration or automatically adjusted to the number of available CPU cores. In most cases, the latter option optimally balances load across available system resources, as NGINX is designed to efficiently distribute work across all worker processes."
            },
            {
              "file_path": "nginx-master/README.md",
              "line_number": 78,
              "line_preview": "> Processes synchronize data through shared memory. For this reason, many NGINX directives require the allocation of shared memory zones. As an example, when configuring [rate limiting](https://nginx.org/en/docs/http/ngx_http_limit_req_module.html#limit_req), connecting clients may need to be tracked in a [common memory zone](https://nginx.org/en/docs/http/ngx_http_limit_req_module.html#limit_req_zone) so all worker processes can know how many times a particular client has accessed the server in a span of time."
            },
            {
              "file_path": "nginx-master/auto/options",
              "line_number": 441,
              "line_preview": "worker processes"
            },
            {
              "file_path": "nginx-master/auto/options",
              "line_number": 443,
              "line_preview": "worker processes"
            }
          ]
        },
        {
          "keyword": "master process",
          "occurrences": [
            {
              "file_path": "nginx-master/docs/man/nginx.8",
              "line_number": 76,
              "line_preview": "Send a signal to the master process."
            },
            {
              "file_path": "nginx-master/docs/man/nginx.8",
              "line_number": 114,
              "line_preview": "The master process of"
            },
            {
              "file_path": "nginx-master/src/misc/ngx_google_perftools_module.c",
              "line_number": 105,
              "line_preview": "/* disable inherited Profiler enabled in master process */"
            },
            {
              "file_path": "nginx-master/src/core/nginx.c",
              "line_number": 411,
              "line_preview": "\"  -s signal     : send signal to a master process: \""
            },
            {
              "file_path": "nginx-master/src/core/nginx.c",
              "line_number": 1293,
              "line_preview": "\"if the master process runs \""
            }
          ]
        },
        {
          "keyword": "process ID",
          "occurrences": [
            {
              "file_path": "nginx-master/docs/man/nginx.8",
              "line_number": 176,
              "line_preview": "Contains the process ID of"
            }
          ]
        },
        {
          "keyword": "kill utility",
          "occurrences": []
        },
        {
          "keyword": "nginx.pid",
          "occurrences": [
            {
              "file_path": "nginx-master/misc/GNUmakefile",
              "line_number": 48,
              "line_preview": "--pid-path=logs/nginx.pid\t\t\t\t\\"
            },
            {
              "file_path": "nginx-master/auto/options",
              "line_number": 437,
              "line_preview": "--pid-path=PATH                    set nginx.pid pathname"
            },
            {
              "file_path": "nginx-master/auto/options",
              "line_number": 624,
              "line_preview": "NGX_PID_PATH=${NGX_PID_PATH:-logs/nginx.pid}"
            },
            {
              "file_path": "nginx-master/docs/man/nginx.8",
              "line_number": 192,
              "line_preview": "-g \"pid /var/run/mynginx.pid; worker_processes 2;\""
            },
            {
              "file_path": "nginx-master/conf/nginx.conf",
              "line_number": 9,
              "line_preview": "#pid        logs/nginx.pid;"
            }
          ]
        },
        {
          "keyword": "running processes",
          "occurrences": []
        },
        {
          "keyword": "ps utility",
          "occurrences": []
        },
        {
          "keyword": "Controlling nginx",
          "occurrences": []
        }
      ]
    },
    {
      "manual_path": "/Users/ah000132/Documents/JRI_FOX/sample_system/manuals/m3.md",
      "title": "m3",
      "keywords": [
        "nginx",
        "configuration file",
        "modules",
        "directives",
        "simple directives",
        "block directives",
        "context",
        "events",
        "http",
        "server",
        "location",
        "main context",
        "parameters",
        "semicolon",
        "braces",
        "additional instructions",
        "comments",
        "ngx_core_module",
        "ngx_http_core_module",
        "directive structure"
      ],
      "matches": [
        {
          "keyword": "nginx",
          "occurrences": [
            {
              "file_path": "nginx-master/CODE_OF_CONDUCT.md",
              "line_number": 63,
              "line_preview": "<nginx-oss-community@f5.com>. All complaints will be reviewed and investigated"
            },
            {
              "file_path": "nginx-master/LICENSE",
              "line_number": 2,
              "line_preview": "Copyright (C) 2011-2025 Nginx, Inc."
            },
            {
              "file_path": "nginx-master/README.md",
              "line_number": 4,
              "line_preview": "<img alt=\"NGINX Banner\">"
            },
            {
              "file_path": "nginx-master/README.md",
              "line_number": 7,
              "line_preview": "NGINX (pronounced \"engine x\" or \"en-jin-eks\") is the world's most popular Web Server, high performance Load Balancer, Reverse Proxy, API Gateway and Content Cache."
            },
            {
              "file_path": "nginx-master/README.md",
              "line_number": 9,
              "line_preview": "NGINX is free and open source software, distributed under the terms of a simplified [2-clause BSD-like license](LICENSE)."
            }
          ]
        },
        {
          "keyword": "configuration file",
          "occurrences": [
            {
              "file_path": "nginx-master/README.md",
              "line_number": 65,
              "line_preview": "NGINX is highly flexible and configurable. Provisioning the software is achieved via text-based config file(s) accepting parameters called \"[Directives](https://nginx.org/en/docs/dirindex.html)\". See [Configuration File's Structure](https://nginx.org/en/docs/beginners_guide.html#conf_structure) for a comprehensive description of how NGINX configuration files work."
            },
            {
              "file_path": "nginx-master/README.md",
              "line_number": 72,
              "line_preview": "- A \"master\" process that maintains worker processes, as well as, reads and evaluates configuration files."
            },
            {
              "file_path": "nginx-master/README.md",
              "line_number": 75,
              "line_preview": "The number of [worker processes](https://nginx.org/en/docs/ngx_core_module.html#worker_processes) is defined in the configuration file and may be fixed for a given configuration or automatically adjusted to the number of available CPU cores. In most cases, the latter option optimally balances load across available system resources, as NGINX is designed to efficiently distribute work across all worker processes."
            },
            {
              "file_path": "nginx-master/SECURITY.md",
              "line_number": 76,
              "line_preview": "In nginx, configuration files, modules, certificate/key pairs, nginx JavaScript,"
            },
            {
              "file_path": "nginx-master/auto/summary",
              "line_number": 51,
              "line_preview": "nginx configuration file: \"$NGX_CONF_PATH\""
            }
          ]
        },
        {
          "keyword": "modules",
          "occurrences": [
            {
              "file_path": "nginx-master/README.md",
              "line_number": 18,
              "line_preview": "- [Modules](#modules)"
            },
            {
              "file_path": "nginx-master/README.md",
              "line_number": 26,
              "line_preview": "- [Dynamic modules](#dynamic-modules)"
            },
            {
              "file_path": "nginx-master/README.md",
              "line_number": 51,
              "line_preview": "## Modules"
            },
            {
              "file_path": "nginx-master/README.md",
              "line_number": 52,
              "line_preview": "NGINX is comprised of individual modules, each extending core functionality by providing additional, configurable features. See \"Modules reference\" at the bottom of [nginx documentation](https://nginx.org/en/docs/) for a complete list of official modules."
            },
            {
              "file_path": "nginx-master/README.md",
              "line_number": 54,
              "line_preview": "NGINX modules can be built and distributed as static or dynamic modules. Static modules are defined at build-time, compiled, and distributed in the resulting binaries. See [Dynamic Modules](#dynamic-modules) for more information on how they work, as well as, how to obtain, install, and configure them."
            }
          ]
        },
        {
          "keyword": "directives",
          "occurrences": [
            {
              "file_path": "nginx-master/README.md",
              "line_number": 65,
              "line_preview": "NGINX is highly flexible and configurable. Provisioning the software is achieved via text-based config file(s) accepting parameters called \"[Directives](https://nginx.org/en/docs/dirindex.html)\". See [Configuration File's Structure](https://nginx.org/en/docs/beginners_guide.html#conf_structure) for a comprehensive description of how NGINX configuration files work."
            },
            {
              "file_path": "nginx-master/README.md",
              "line_number": 68,
              "line_preview": "> The set of directives available to your distribution of NGINX is dependent on which [modules](#modules) have been made available to it."
            },
            {
              "file_path": "nginx-master/README.md",
              "line_number": 78,
              "line_preview": "> Processes synchronize data through shared memory. For this reason, many NGINX directives require the allocation of shared memory zones. As an example, when configuring [rate limiting](https://nginx.org/en/docs/http/ngx_http_limit_req_module.html#limit_req), connecting clients may need to be tracked in a [common memory zone](https://nginx.org/en/docs/http/ngx_http_limit_req_module.html#limit_req_zone) so all worker processes can know how many times a particular client has accessed the server in a span of time."
            },
            {
              "file_path": "nginx-master/docs/man/nginx.8",
              "line_number": 39,
              "line_preview": ".Op Fl g Ar directives"
            },
            {
              "file_path": "nginx-master/docs/man/nginx.8",
              "line_number": 52,
              "line_preview": ".Bl -tag -width \".Fl d Ar directives\""
            }
          ]
        },
        {
          "keyword": "simple directives",
          "occurrences": []
        },
        {
          "keyword": "block directives",
          "occurrences": [
            {
              "file_path": "nginx-master/src/core/ngx_conf_file.c",
              "line_number": 284,
              "line_preview": "\"block directives are not supported \""
            }
          ]
        },
        {
          "keyword": "context",
          "occurrences": [
            {
              "file_path": "nginx-master/auto/lib/pcre/make",
              "line_number": 20,
              "line_preview": "pcre2_context.c \\"
            },
            {
              "file_path": "nginx-master/contrib/vim/syntax/nginx.vim",
              "line_number": 759,
              "line_preview": "syn keyword ngxDirective contained otel_trace_context"
            },
            {
              "file_path": "nginx-master/contrib/vim/syntax/nginx.vim",
              "line_number": 1479,
              "line_preview": "syn keyword ngxDirectiveThirdParty contained opentracing_fastcgi_propagate_context"
            },
            {
              "file_path": "nginx-master/contrib/vim/syntax/nginx.vim",
              "line_number": 1480,
              "line_preview": "syn keyword ngxDirectiveThirdParty contained opentracing_grpc_propagate_context"
            },
            {
              "file_path": "nginx-master/contrib/vim/syntax/nginx.vim",
              "line_number": 1484,
              "line_preview": "syn keyword ngxDirectiveThirdParty contained opentracing_propagate_context"
            }
          ]
        },
        {
          "keyword": "events",
          "occurrences": [
            {
              "file_path": "nginx-master/auto/unix",
              "line_number": 38,
              "line_preview": "pl.events = 0;"
            },
            {
              "file_path": "nginx-master/auto/unix",
              "line_number": 39,
              "line_preview": "pl.revents = 0;"
            },
            {
              "file_path": "nginx-master/auto/sources",
              "line_number": 84,
              "line_preview": "EVENT_MODULES=\"ngx_events_module ngx_event_core_module\""
            },
            {
              "file_path": "nginx-master/auto/modules",
              "line_number": 1398,
              "line_preview": "# thread pool module should be initialized after events"
            },
            {
              "file_path": "nginx-master/auto/os/linux",
              "line_number": 45,
              "line_preview": "ee.events = EPOLLIN|EPOLLOUT|EPOLLET;"
            }
          ]
        },
        {
          "keyword": "http",
          "occurrences": [
            {
              "file_path": "nginx-master/CODE_OF_CONDUCT.md",
              "line_number": 117,
              "line_preview": "[Contributor Covenant](https://www.contributor-covenant.org), version 2.1,"
            },
            {
              "file_path": "nginx-master/CODE_OF_CONDUCT.md",
              "line_number": 119,
              "line_preview": "<https://www.contributor-covenant.org/version/2/1/code_of_conduct.html>."
            },
            {
              "file_path": "nginx-master/CODE_OF_CONDUCT.md",
              "line_number": 122,
              "line_preview": "[Mozilla's code of conduct enforcement ladder](https://github.com/mozilla/inclusion)."
            },
            {
              "file_path": "nginx-master/CODE_OF_CONDUCT.md",
              "line_number": 125,
              "line_preview": "<https://www.contributor-covenant.org/faq>. Translations are available at"
            },
            {
              "file_path": "nginx-master/CODE_OF_CONDUCT.md",
              "line_number": 126,
              "line_preview": "<https://www.contributor-covenant.org/translations>."
            }
          ]
        },
        {
          "keyword": "server",
          "occurrences": [
            {
              "file_path": "nginx-master/README.md",
              "line_number": 7,
              "line_preview": "NGINX (pronounced \"engine x\" or \"en-jin-eks\") is the world's most popular Web Server, high performance Load Balancer, Reverse Proxy, API Gateway and Content Cache."
            },
            {
              "file_path": "nginx-master/README.md",
              "line_number": 78,
              "line_preview": "> Processes synchronize data through shared memory. For this reason, many NGINX directives require the allocation of shared memory zones. As an example, when configuring [rate limiting](https://nginx.org/en/docs/http/ngx_http_limit_req_module.html#limit_req), connecting clients may need to be tracked in a [common memory zone](https://nginx.org/en/docs/http/ngx_http_limit_req_module.html#limit_req_zone) so all worker processes can know how many times a particular client has accessed the server in a span of time."
            },
            {
              "file_path": "nginx-master/README.md",
              "line_number": 111,
              "line_preview": "See [Configuring HTTPS servers](https://nginx.org/en/docs/http/configuring_https_servers.html) for a quick guide on how to enable secure traffic to your NGINX installation."
            },
            {
              "file_path": "nginx-master/README.md",
              "line_number": 120,
              "line_preview": "See [A Guide to Caching with NGINX and NGINX Plus](https://blog.nginx.org/blog/nginx-caching-guide) blog post for an overview of how to use NGINX as a content cache (e.g. edge server of a content delivery network)."
            },
            {
              "file_path": "nginx-master/SECURITY.md",
              "line_number": 88,
              "line_preview": "servers. The control plane governs configuration, management, and orchestration."
            }
          ]
        },
        {
          "keyword": "location",
          "occurrences": [
            {
              "file_path": "nginx-master/README.md",
              "line_number": 37,
              "line_preview": "- [Location of binary and installation](#location-of-binary-and-installation)"
            },
            {
              "file_path": "nginx-master/README.md",
              "line_number": 78,
              "line_preview": "> Processes synchronize data through shared memory. For this reason, many NGINX directives require the allocation of shared memory zones. As an example, when configuring [rate limiting](https://nginx.org/en/docs/http/ngx_http_limit_req_module.html#limit_req), connecting clients may need to be tracked in a [common memory zone](https://nginx.org/en/docs/http/ngx_http_limit_req_module.html#limit_req_zone) so all worker processes can know how many times a particular client has accessed the server in a span of time."
            },
            {
              "file_path": "nginx-master/README.md",
              "line_number": 179,
              "line_preview": "## Location of binary and installation"
            },
            {
              "file_path": "nginx-master/contrib/vim/syntax/nginx.vim",
              "line_number": 85,
              "line_preview": "syn keyword ngxDirectiveBlock contained location"
            },
            {
              "file_path": "nginx-master/contrib/vim/syntax/nginx.vim",
              "line_number": 883,
              "line_preview": "syn keyword ngxDirectiveThirdParty contained echo_location"
            }
          ]
        },
        {
          "keyword": "main context",
          "occurrences": []
        },
        {
          "keyword": "parameters",
          "occurrences": [
            {
              "file_path": "nginx-master/README.md",
              "line_number": 65,
              "line_preview": "NGINX is highly flexible and configurable. Provisioning the software is achieved via text-based config file(s) accepting parameters called \"[Directives](https://nginx.org/en/docs/dirindex.html)\". See [Configuration File's Structure](https://nginx.org/en/docs/beginners_guide.html#conf_structure) for a comprehensive description of how NGINX configuration files work."
            },
            {
              "file_path": "nginx-master/docs/man/nginx.8",
              "line_number": 107,
              "line_preview": "script parameters."
            },
            {
              "file_path": "nginx-master/contrib/vim/syntax/nginx.vim",
              "line_number": 47,
              "line_preview": "\" boolean parameters"
            },
            {
              "file_path": "nginx-master/src/core/ngx_output_chain.c",
              "line_number": 19,
              "line_preview": "* to an application memory from a device if parameters are aligned"
            },
            {
              "file_path": "nginx-master/src/core/ngx_output_chain.c",
              "line_number": 21,
              "line_preview": "* operation if the parameters are not aligned."
            }
          ]
        },
        {
          "keyword": "semicolon",
          "occurrences": [
            {
              "file_path": "nginx-master/contrib/vim/syntax/nginx.vim",
              "line_number": 30,
              "line_preview": "syn match ngxSemicolon ';' contained"
            },
            {
              "file_path": "nginx-master/contrib/vim/syntax/nginx.vim",
              "line_number": 45,
              "line_preview": "\\ contains=ngxParam,ngxString,ngxParamComment,ngxSemicolon,ngxBlock"
            }
          ]
        },
        {
          "keyword": "braces",
          "occurrences": []
        },
        {
          "keyword": "additional instructions",
          "occurrences": []
        },
        {
          "keyword": "comments",
          "occurrences": [
            {
              "file_path": "nginx-master/CODE_OF_CONDUCT.md",
              "line_number": 32,
              "line_preview": "- Trolling, insulting or derogatory comments, and personal or political attacks"
            },
            {
              "file_path": "nginx-master/CODE_OF_CONDUCT.md",
              "line_number": 47,
              "line_preview": "comments, commits, code, wiki edits, issues, and other contributions that are"
            },
            {
              "file_path": "nginx-master/contrib/vim/indent/nginx.vim",
              "line_number": 10,
              "line_preview": "\" Just make sure that the comments are not reset as defs would be."
            },
            {
              "file_path": "nginx-master/contrib/vim/ftplugin/nginx.vim",
              "line_number": 1,
              "line_preview": "setlocal commentstring=#\\ %s"
            },
            {
              "file_path": "nginx-master/contrib/unicode2nginx/unicode-to-nginx.pl",
              "line_number": 20,
              "line_preview": "# Skip comments and empty lines"
            }
          ]
        },
        {
          "keyword": "ngx_core_module",
          "occurrences": [
            {
              "file_path": "nginx-master/README.md",
              "line_number": 75,
              "line_preview": "The number of [worker processes](https://nginx.org/en/docs/ngx_core_module.html#worker_processes) is defined in the configuration file and may be fixed for a given configuration or automatically adjusted to the number of available CPU cores. In most cases, the latter option optimally balances load across available system resources, as NGINX is designed to efficiently distribute work across all worker processes."
            },
            {
              "file_path": "nginx-master/README.md",
              "line_number": 99,
              "line_preview": "NGINX version 1.9.11 added support for [Dynamic Modules](https://nginx.org/en/docs/ngx_core_module.html#load_module). Unlike Static modules, dynamically built modules can be downloaded, installed, and configured after the core NGINX binaries have been built. [Official dynamic module binaries](https://nginx.org/en/linux_packages.html#dynmodules) are available from the same package repository as the core NGINX binaries described in previous steps."
            },
            {
              "file_path": "nginx-master/auto/sources",
              "line_number": 6,
              "line_preview": "CORE_MODULES=\"ngx_core_module ngx_errlog_module ngx_conf_module\""
            },
            {
              "file_path": "nginx-master/src/misc/ngx_google_perftools_module.c",
              "line_number": 43,
              "line_preview": "static ngx_core_module_t  ngx_google_perftools_module_ctx = {"
            },
            {
              "file_path": "nginx-master/src/misc/ngx_google_perftools_module.c",
              "line_number": 54,
              "line_preview": "NGX_CORE_MODULE,                       /* module type */"
            }
          ]
        },
        {
          "keyword": "ngx_http_core_module",
          "occurrences": [
            {
              "file_path": "nginx-master/auto/modules",
              "line_number": 68,
              "line_preview": "ngx_http_core_module \\"
            },
            {
              "file_path": "nginx-master/auto/modules",
              "line_number": 75,
              "line_preview": "src/http/ngx_http_core_module.h \\"
            },
            {
              "file_path": "nginx-master/auto/modules",
              "line_number": 82,
              "line_preview": "src/http/ngx_http_core_module.c \\"
            },
            {
              "file_path": "nginx-master/src/http/ngx_http_header_filter_module.c",
              "line_number": 288,
              "line_preview": "clcf = ngx_http_get_module_loc_conf(r, ngx_http_core_module);"
            },
            {
              "file_path": "nginx-master/src/http/ngx_http_header_filter_module.c",
              "line_number": 339,
              "line_preview": "cscf = ngx_http_get_module_srv_conf(r, ngx_http_core_module);"
            }
          ]
        },
        {
          "keyword": "directive structure",
          "occurrences": []
        }
      ]
    },
    {
      "manual_path": "/Users/ah000132/Documents/JRI_FOX/sample_system/manuals/m4.md",
      "title": "m4",
      "keywords": [
        "Serving Static Content",
        "server block",
        "http block",
        "location block",
        "root directive",
        "configuration file",
        "listen",
        "server names",
        "URI matching",
        "404 error response",
        "data/www directory",
        "data/images directory",
        "nginx reload",
        "access.log",
        "error.log",
        "standard port 80",
        "local machine access",
        "file serving",
        "request processing",
        "prefix matching"
      ],
      "matches": [
        {
          "keyword": "Serving Static Content",
          "occurrences": []
        },
        {
          "keyword": "server block",
          "occurrences": [
            {
              "file_path": "nginx-master/src/stream/ngx_stream_ssl_module.c",
              "line_number": 1730,
              "line_preview": "* check all non-default server blocks"
            },
            {
              "file_path": "nginx-master/src/http/modules/ngx_http_ssl_module.c",
              "line_number": 1451,
              "line_preview": "* check all non-default server blocks"
            }
          ]
        },
        {
          "keyword": "http block",
          "occurrences": [
            {
              "file_path": "nginx-master/src/mail/ngx_mail_auth_http_module.c",
              "line_number": 1108,
              "line_preview": "\"mail auth http block read\");"
            }
          ]
        },
        {
          "keyword": "location block",
          "occurrences": []
        },
        {
          "keyword": "root directive",
          "occurrences": []
        },
        {
          "keyword": "configuration file",
          "occurrences": [
            {
              "file_path": "nginx-master/README.md",
              "line_number": 65,
              "line_preview": "NGINX is highly flexible and configurable. Provisioning the software is achieved via text-based config file(s) accepting parameters called \"[Directives](https://nginx.org/en/docs/dirindex.html)\". See [Configuration File's Structure](https://nginx.org/en/docs/beginners_guide.html#conf_structure) for a comprehensive description of how NGINX configuration files work."
            },
            {
              "file_path": "nginx-master/README.md",
              "line_number": 72,
              "line_preview": "- A \"master\" process that maintains worker processes, as well as, reads and evaluates configuration files."
            },
            {
              "file_path": "nginx-master/README.md",
              "line_number": 75,
              "line_preview": "The number of [worker processes](https://nginx.org/en/docs/ngx_core_module.html#worker_processes) is defined in the configuration file and may be fixed for a given configuration or automatically adjusted to the number of available CPU cores. In most cases, the latter option optimally balances load across available system resources, as NGINX is designed to efficiently distribute work across all worker processes."
            },
            {
              "file_path": "nginx-master/SECURITY.md",
              "line_number": 76,
              "line_preview": "In nginx, configuration files, modules, certificate/key pairs, nginx JavaScript,"
            },
            {
              "file_path": "nginx-master/auto/summary",
              "line_number": 51,
              "line_preview": "nginx configuration file: \"$NGX_CONF_PATH\""
            }
          ]
        },
        {
          "keyword": "listen",
          "occurrences": [
            {
              "file_path": "nginx-master/contrib/vim/syntax/nginx.vim",
              "line_number": 53,
              "line_preview": "\" listen directive"
            },
            {
              "file_path": "nginx-master/contrib/vim/syntax/nginx.vim",
              "line_number": 55,
              "line_preview": "syn cluster ngxTopLevel add=ngxDirectiveListen"
            },
            {
              "file_path": "nginx-master/contrib/vim/syntax/nginx.vim",
              "line_number": 56,
              "line_preview": "syn keyword ngxDirectiveListen listen"
            },
            {
              "file_path": "nginx-master/contrib/vim/syntax/nginx.vim",
              "line_number": 57,
              "line_preview": "\\ nextgroup=@ngxListenParams skipwhite skipempty"
            },
            {
              "file_path": "nginx-master/contrib/vim/syntax/nginx.vim",
              "line_number": 58,
              "line_preview": "syn match ngxListenParam '\\(\\${\\|[^;{ \\t\\\\]\\|\\\\.\\)\\+'"
            }
          ]
        },
        {
          "keyword": "server names",
          "occurrences": [
            {
              "file_path": "nginx-master/src/stream/ngx_stream.c",
              "line_number": 270,
              "line_preview": "/* optimize the lists of ports, addresses and server names */"
            },
            {
              "file_path": "nginx-master/src/stream/ngx_stream.c",
              "line_number": 583,
              "line_preview": "* add the server address, the server names and the server core module"
            },
            {
              "file_path": "nginx-master/src/http/ngx_http.c",
              "line_number": 334,
              "line_preview": "/* optimize the lists of ports, addresses and server names */"
            },
            {
              "file_path": "nginx-master/src/http/ngx_http.c",
              "line_number": 1393,
              "line_preview": "* add the server address, the server names and the server core module"
            }
          ]
        },
        {
          "keyword": "URI matching",
          "occurrences": []
        },
        {
          "keyword": "404 error response",
          "occurrences": []
        },
        {
          "keyword": "data/www directory",
          "occurrences": []
        },
        {
          "keyword": "data/images directory",
          "occurrences": []
        },
        {
          "keyword": "nginx reload",
          "occurrences": []
        },
        {
          "keyword": "access.log",
          "occurrences": [
            {
              "file_path": "nginx-master/misc/GNUmakefile",
              "line_number": 49,
              "line_preview": "--http-log-path=logs/access.log\t\t\t\t\\"
            },
            {
              "file_path": "nginx-master/auto/options",
              "line_number": 633,
              "line_preview": "NGX_HTTP_LOG_PATH=${NGX_HTTP_LOG_PATH:-logs/access.log}"
            },
            {
              "file_path": "nginx-master/conf/nginx.conf",
              "line_number": 25,
              "line_preview": "#access_log  logs/access.log  main;"
            },
            {
              "file_path": "nginx-master/conf/nginx.conf",
              "line_number": 39,
              "line_preview": "#access_log  logs/host.access.log  main;"
            }
          ]
        },
        {
          "keyword": "error.log",
          "occurrences": [
            {
              "file_path": "nginx-master/misc/GNUmakefile",
              "line_number": 50,
              "line_preview": "--error-log-path=logs/error.log\t\t\t\t\\"
            },
            {
              "file_path": "nginx-master/auto/options",
              "line_number": 630,
              "line_preview": "NGX_ERROR_LOG_PATH=${NGX_ERROR_LOG_PATH:-logs/error.log}"
            },
            {
              "file_path": "nginx-master/conf/nginx.conf",
              "line_number": 5,
              "line_preview": "#error_log  logs/error.log;"
            },
            {
              "file_path": "nginx-master/conf/nginx.conf",
              "line_number": 6,
              "line_preview": "#error_log  logs/error.log  notice;"
            },
            {
              "file_path": "nginx-master/conf/nginx.conf",
              "line_number": 7,
              "line_preview": "#error_log  logs/error.log  info;"
            }
          ]
        },
        {
          "keyword": "standard port 80",
          "occurrences": []
        },
        {
          "keyword": "local machine access",
          "occurrences": []
        },
        {
          "keyword": "file serving",
          "occurrences": []
        },
        {
          "keyword": "request processing",
          "occurrences": [
            {
              "file_path": "nginx-master/src/http/ngx_http_request.c",
              "line_number": 3176,
              "line_preview": "* request processing then we do not use c->buffer for"
            }
          ]
        },
        {
          "keyword": "prefix matching",
          "occurrences": []
        }
      ]
    },
    {
      "manual_path": "/Users/ah000132/Documents/JRI_FOX/sample_system/manuals/m5.md",
      "title": "m5",
      "keywords": [
        "proxy server",
        "nginx configuration",
        "server block",
        "listen directive",
        "root directive",
        "location block",
        "proxy_pass",
        "regular expression",
        "URI matching",
        "image file extensions",
        "request filtering",
        "reload signal",
        "local directory",
        "proxied server",
        "http protocol",
        "data/images directory",
        "index.html file",
        "location prefix",
        "configuration reload",
        "nginx instance"
      ],
      "matches": [
        {
          "keyword": "proxy server",
          "occurrences": [
            {
              "file_path": "nginx-master/docs/man/nginx.8",
              "line_number": 33,
              "line_preview": ".Nd \"HTTP and reverse proxy server, mail proxy server\""
            },
            {
              "file_path": "nginx-master/docs/man/nginx.8",
              "line_number": 46,
              "line_preview": "is an HTTP and reverse proxy server, a mail proxy server, and a generic"
            },
            {
              "file_path": "nginx-master/docs/man/nginx.8",
              "line_number": 47,
              "line_preview": "TCP/UDP proxy server."
            }
          ]
        },
        {
          "keyword": "nginx configuration",
          "occurrences": [
            {
              "file_path": "nginx-master/README.md",
              "line_number": 65,
              "line_preview": "NGINX is highly flexible and configurable. Provisioning the software is achieved via text-based config file(s) accepting parameters called \"[Directives](https://nginx.org/en/docs/dirindex.html)\". See [Configuration File's Structure](https://nginx.org/en/docs/beginners_guide.html#conf_structure) for a comprehensive description of how NGINX configuration files work."
            },
            {
              "file_path": "nginx-master/auto/summary",
              "line_number": 50,
              "line_preview": "nginx configuration prefix: \"$NGX_CONF_PREFIX\""
            },
            {
              "file_path": "nginx-master/auto/summary",
              "line_number": 51,
              "line_preview": "nginx configuration file: \"$NGX_CONF_PATH\""
            },
            {
              "file_path": "nginx-master/contrib/README",
              "line_number": 19,
              "line_preview": "Syntax highlighting of nginx configuration for vim, to be"
            },
            {
              "file_path": "nginx-master/contrib/unicode2nginx/unicode-to-nginx.pl",
              "line_number": 3,
              "line_preview": "# Convert unicode mappings to nginx configuration file format."
            }
          ]
        },
        {
          "keyword": "server block",
          "occurrences": [
            {
              "file_path": "nginx-master/src/stream/ngx_stream_ssl_module.c",
              "line_number": 1730,
              "line_preview": "* check all non-default server blocks"
            },
            {
              "file_path": "nginx-master/src/http/modules/ngx_http_ssl_module.c",
              "line_number": 1451,
              "line_preview": "* check all non-default server blocks"
            }
          ]
        },
        {
          "keyword": "listen directive",
          "occurrences": [
            {
              "file_path": "nginx-master/contrib/vim/syntax/nginx.vim",
              "line_number": 53,
              "line_preview": "\" listen directive"
            }
          ]
        },
        {
          "keyword": "root directive",
          "occurrences": []
        },
        {
          "keyword": "location block",
          "occurrences": []
        },
        {
          "keyword": "proxy_pass",
          "occurrences": [
            {
              "file_path": "nginx-master/contrib/vim/syntax/nginx.vim",
              "line_number": 98,
              "line_preview": "syn keyword ngxDirectiveImportant contained proxy_pass"
            },
            {
              "file_path": "nginx-master/contrib/vim/syntax/nginx.vim",
              "line_number": 455,
              "line_preview": "syn keyword ngxDirective contained proxy_pass_error_message"
            },
            {
              "file_path": "nginx-master/contrib/vim/syntax/nginx.vim",
              "line_number": 456,
              "line_preview": "syn keyword ngxDirective contained proxy_pass_header"
            },
            {
              "file_path": "nginx-master/contrib/vim/syntax/nginx.vim",
              "line_number": 457,
              "line_preview": "syn keyword ngxDirective contained proxy_pass_request_body"
            },
            {
              "file_path": "nginx-master/contrib/vim/syntax/nginx.vim",
              "line_number": 458,
              "line_preview": "syn keyword ngxDirective contained proxy_pass_request_headers"
            }
          ]
        },
        {
          "keyword": "regular expression",
          "occurrences": [
            {
              "file_path": "nginx-master/src/http/modules/ngx_http_proxy_module.c",
              "line_number": 4466,
              "line_preview": "\"location given by regular expression, \""
            }
          ]
        },
        {
          "keyword": "URI matching",
          "occurrences": []
        },
        {
          "keyword": "image file extensions",
          "occurrences": []
        },
        {
          "keyword": "request filtering",
          "occurrences": []
        },
        {
          "keyword": "reload signal",
          "occurrences": []
        },
        {
          "keyword": "local directory",
          "occurrences": []
        },
        {
          "keyword": "proxied server",
          "occurrences": []
        },
        {
          "keyword": "http protocol",
          "occurrences": []
        },
        {
          "keyword": "data/images directory",
          "occurrences": []
        },
        {
          "keyword": "index.html file",
          "occurrences": []
        },
        {
          "keyword": "location prefix",
          "occurrences": []
        },
        {
          "keyword": "configuration reload",
          "occurrences": []
        },
        {
          "keyword": "nginx instance",
          "occurrences": []
        }
      ]
    },
    {
      "manual_path": "/Users/ah000132/Documents/JRI_FOX/sample_system/manuals/m6.md",
      "title": "m6",
      "keywords": [
        "FastCGI Proxying",
        "nginx",
        "fastcgi_pass",
        "proxy_pass",
        "fastcgi_param",
        "SCRIPT_FILENAME",
        "QUERY_STRING",
        "localhost:9000",
        "server configuration",
        "location block",
        "static images",
        "request routing",
        "application frameworks",
        "PHP integration",
        "parameter passing",
        "document root",
        "fastcgi_script_name",
        "image handling",
        "request parameters",
        "proxy configuration"
      ],
      "matches": [
        {
          "keyword": "FastCGI Proxying",
          "occurrences": []
        },
        {
          "keyword": "nginx",
          "occurrences": [
            {
              "file_path": "nginx-master/CODE_OF_CONDUCT.md",
              "line_number": 63,
              "line_preview": "<nginx-oss-community@f5.com>. All complaints will be reviewed and investigated"
            },
            {
              "file_path": "nginx-master/LICENSE",
              "line_number": 2,
              "line_preview": "Copyright (C) 2011-2025 Nginx, Inc."
            },
            {
              "file_path": "nginx-master/README.md",
              "line_number": 4,
              "line_preview": "<img alt=\"NGINX Banner\">"
            },
            {
              "file_path": "nginx-master/README.md",
              "line_number": 7,
              "line_preview": "NGINX (pronounced \"engine x\" or \"en-jin-eks\") is the world's most popular Web Server, high performance Load Balancer, Reverse Proxy, API Gateway and Content Cache."
            },
            {
              "file_path": "nginx-master/README.md",
              "line_number": 9,
              "line_preview": "NGINX is free and open source software, distributed under the terms of a simplified [2-clause BSD-like license](LICENSE)."
            }
          ]
        },
        {
          "keyword": "fastcgi_pass",
          "occurrences": [
            {
              "file_path": "nginx-master/contrib/vim/syntax/nginx.vim",
              "line_number": 100,
              "line_preview": "syn keyword ngxDirectiveImportant contained fastcgi_pass"
            },
            {
              "file_path": "nginx-master/contrib/vim/syntax/nginx.vim",
              "line_number": 219,
              "line_preview": "syn keyword ngxDirective contained fastcgi_pass_header"
            },
            {
              "file_path": "nginx-master/contrib/vim/syntax/nginx.vim",
              "line_number": 220,
              "line_preview": "syn keyword ngxDirective contained fastcgi_pass_request_body"
            },
            {
              "file_path": "nginx-master/contrib/vim/syntax/nginx.vim",
              "line_number": 221,
              "line_preview": "syn keyword ngxDirective contained fastcgi_pass_request_headers"
            },
            {
              "file_path": "nginx-master/conf/nginx.conf",
              "line_number": 65,
              "line_preview": "#    fastcgi_pass   127.0.0.1:9000;"
            }
          ]
        },
        {
          "keyword": "proxy_pass",
          "occurrences": [
            {
              "file_path": "nginx-master/contrib/vim/syntax/nginx.vim",
              "line_number": 98,
              "line_preview": "syn keyword ngxDirectiveImportant contained proxy_pass"
            },
            {
              "file_path": "nginx-master/contrib/vim/syntax/nginx.vim",
              "line_number": 455,
              "line_preview": "syn keyword ngxDirective contained proxy_pass_error_message"
            },
            {
              "file_path": "nginx-master/contrib/vim/syntax/nginx.vim",
              "line_number": 456,
              "line_preview": "syn keyword ngxDirective contained proxy_pass_header"
            },
            {
              "file_path": "nginx-master/contrib/vim/syntax/nginx.vim",
              "line_number": 457,
              "line_preview": "syn keyword ngxDirective contained proxy_pass_request_body"
            },
            {
              "file_path": "nginx-master/contrib/vim/syntax/nginx.vim",
              "line_number": 458,
              "line_preview": "syn keyword ngxDirective contained proxy_pass_request_headers"
            }
          ]
        },
        {
          "keyword": "fastcgi_param",
          "occurrences": [
            {
              "file_path": "nginx-master/auto/install",
              "line_number": 128,
              "line_preview": "test -f '\\$(DESTDIR)$NGX_CONF_PREFIX/fastcgi_params' \\\\"
            },
            {
              "file_path": "nginx-master/auto/install",
              "line_number": 129,
              "line_preview": "|| cp conf/fastcgi_params '\\$(DESTDIR)$NGX_CONF_PREFIX'"
            },
            {
              "file_path": "nginx-master/auto/install",
              "line_number": 130,
              "line_preview": "cp conf/fastcgi_params \\\\"
            },
            {
              "file_path": "nginx-master/auto/install",
              "line_number": 131,
              "line_preview": "'\\$(DESTDIR)$NGX_CONF_PREFIX/fastcgi_params.default'"
            },
            {
              "file_path": "nginx-master/contrib/vim/syntax/nginx.vim",
              "line_number": 218,
              "line_preview": "syn keyword ngxDirective contained fastcgi_param"
            }
          ]
        },
        {
          "keyword": "SCRIPT_FILENAME",
          "occurrences": [
            {
              "file_path": "nginx-master/conf/fastcgi.conf",
              "line_number": 2,
              "line_preview": "fastcgi_param  SCRIPT_FILENAME    $document_root$fastcgi_script_name;"
            },
            {
              "file_path": "nginx-master/conf/nginx.conf",
              "line_number": 67,
              "line_preview": "#    fastcgi_param  SCRIPT_FILENAME  /scripts$fastcgi_script_name;"
            }
          ]
        },
        {
          "keyword": "QUERY_STRING",
          "occurrences": [
            {
              "file_path": "nginx-master/conf/fastcgi_params",
              "line_number": 2,
              "line_preview": "fastcgi_param  QUERY_STRING       $query_string;"
            },
            {
              "file_path": "nginx-master/conf/scgi_params",
              "line_number": 4,
              "line_preview": "scgi_param  QUERY_STRING       $query_string;"
            },
            {
              "file_path": "nginx-master/conf/fastcgi.conf",
              "line_number": 3,
              "line_preview": "fastcgi_param  QUERY_STRING       $query_string;"
            },
            {
              "file_path": "nginx-master/conf/uwsgi_params",
              "line_number": 2,
              "line_preview": "uwsgi_param  QUERY_STRING       $query_string;"
            },
            {
              "file_path": "nginx-master/src/http/ngx_http_variables.c",
              "line_number": 263,
              "line_preview": "{ ngx_string(\"query_string\"), NULL, ngx_http_variable_request,"
            }
          ]
        },
        {
          "keyword": "localhost:9000",
          "occurrences": []
        },
        {
          "keyword": "server configuration",
          "occurrences": [
            {
              "file_path": "nginx-master/SECURITY.md",
              "line_number": 101,
              "line_preview": "including sensitive information like client requests, server configurations,"
            },
            {
              "file_path": "nginx-master/src/mail/ngx_mail_auth_http_module.c",
              "line_number": 127,
              "line_preview": "ngx_mail_auth_http_create_conf,        /* create server configuration */"
            },
            {
              "file_path": "nginx-master/src/mail/ngx_mail_auth_http_module.c",
              "line_number": 128,
              "line_preview": "ngx_mail_auth_http_merge_conf          /* merge server configuration */"
            },
            {
              "file_path": "nginx-master/src/mail/ngx_mail_realip_module.c",
              "line_number": 46,
              "line_preview": "ngx_mail_realip_create_srv_conf,       /* create server configuration */"
            },
            {
              "file_path": "nginx-master/src/mail/ngx_mail_realip_module.c",
              "line_number": 47,
              "line_preview": "ngx_mail_realip_merge_srv_conf         /* merge server configuration */"
            }
          ]
        },
        {
          "keyword": "location block",
          "occurrences": []
        },
        {
          "keyword": "static images",
          "occurrences": []
        },
        {
          "keyword": "request routing",
          "occurrences": []
        },
        {
          "keyword": "application frameworks",
          "occurrences": []
        },
        {
          "keyword": "PHP integration",
          "occurrences": []
        },
        {
          "keyword": "parameter passing",
          "occurrences": []
        },
        {
          "keyword": "document root",
          "occurrences": [
            {
              "file_path": "nginx-master/conf/nginx.conf",
              "line_number": 71,
              "line_preview": "# deny access to .htaccess files, if Apache's document root"
            }
          ]
        },
        {
          "keyword": "fastcgi_script_name",
          "occurrences": [
            {
              "file_path": "nginx-master/conf/fastcgi_params",
              "line_number": 7,
              "line_preview": "fastcgi_param  SCRIPT_NAME        $fastcgi_script_name;"
            },
            {
              "file_path": "nginx-master/conf/fastcgi.conf",
              "line_number": 2,
              "line_preview": "fastcgi_param  SCRIPT_FILENAME    $document_root$fastcgi_script_name;"
            },
            {
              "file_path": "nginx-master/conf/fastcgi.conf",
              "line_number": 8,
              "line_preview": "fastcgi_param  SCRIPT_NAME        $fastcgi_script_name;"
            },
            {
              "file_path": "nginx-master/conf/nginx.conf",
              "line_number": 67,
              "line_preview": "#    fastcgi_param  SCRIPT_FILENAME  /scripts$fastcgi_script_name;"
            },
            {
              "file_path": "nginx-master/src/http/modules/ngx_http_fastcgi_module.c",
              "line_number": 180,
              "line_preview": "static ngx_int_t ngx_http_fastcgi_script_name_variable(ngx_http_request_t *r,"
            }
          ]
        },
        {
          "keyword": "image handling",
          "occurrences": []
        },
        {
          "keyword": "request parameters",
          "occurrences": []
        },
        {
          "keyword": "proxy configuration",
          "occurrences": []
        }
      ]
    },
    {
      "manual_path": "/Users/ah000132/Documents/JRI_FOX/sample_system/manuals/manual.md",
      "title": "manual",
      "keywords": [
        "nginx",
        "master process",
        "worker processes",
        "event-based model",
        "configuration file",
        "nginx.conf",
        "start nginx",
        "stop nginx",
        "reload configuration",
        "graceful shutdown",
        "fast shutdown",
        "reopen log files",
        "signal",
        "kill utility",
        "process ID",
        "serving static content",
        "server block",
        "location block",
        "http block",
        "directives"
      ],
      "matches": [
        {
          "keyword": "nginx",
          "occurrences": [
            {
              "file_path": "nginx-master/CODE_OF_CONDUCT.md",
              "line_number": 63,
              "line_preview": "<nginx-oss-community@f5.com>. All complaints will be reviewed and investigated"
            },
            {
              "file_path": "nginx-master/LICENSE",
              "line_number": 2,
              "line_preview": "Copyright (C) 2011-2025 Nginx, Inc."
            },
            {
              "file_path": "nginx-master/README.md",
              "line_number": 4,
              "line_preview": "<img alt=\"NGINX Banner\">"
            },
            {
              "file_path": "nginx-master/README.md",
              "line_number": 7,
              "line_preview": "NGINX (pronounced \"engine x\" or \"en-jin-eks\") is the world's most popular Web Server, high performance Load Balancer, Reverse Proxy, API Gateway and Content Cache."
            },
            {
              "file_path": "nginx-master/README.md",
              "line_number": 9,
              "line_preview": "NGINX is free and open source software, distributed under the terms of a simplified [2-clause BSD-like license](LICENSE)."
            }
          ]
        },
        {
          "keyword": "master process",
          "occurrences": [
            {
              "file_path": "nginx-master/docs/man/nginx.8",
              "line_number": 76,
              "line_preview": "Send a signal to the master process."
            },
            {
              "file_path": "nginx-master/docs/man/nginx.8",
              "line_number": 114,
              "line_preview": "The master process of"
            },
            {
              "file_path": "nginx-master/src/misc/ngx_google_perftools_module.c",
              "line_number": 105,
              "line_preview": "/* disable inherited Profiler enabled in master process */"
            },
            {
              "file_path": "nginx-master/src/core/nginx.c",
              "line_number": 411,
              "line_preview": "\"  -s signal     : send signal to a master process: \""
            },
            {
              "file_path": "nginx-master/src/core/nginx.c",
              "line_number": 1293,
              "line_preview": "\"if the master process runs \""
            }
          ]
        },
        {
          "keyword": "worker processes",
          "occurrences": [
            {
              "file_path": "nginx-master/README.md",
              "line_number": 72,
              "line_preview": "- A \"master\" process that maintains worker processes, as well as, reads and evaluates configuration files."
            },
            {
              "file_path": "nginx-master/README.md",
              "line_number": 75,
              "line_preview": "The number of [worker processes](https://nginx.org/en/docs/ngx_core_module.html#worker_processes) is defined in the configuration file and may be fixed for a given configuration or automatically adjusted to the number of available CPU cores. In most cases, the latter option optimally balances load across available system resources, as NGINX is designed to efficiently distribute work across all worker processes."
            },
            {
              "file_path": "nginx-master/README.md",
              "line_number": 78,
              "line_preview": "> Processes synchronize data through shared memory. For this reason, many NGINX directives require the allocation of shared memory zones. As an example, when configuring [rate limiting](https://nginx.org/en/docs/http/ngx_http_limit_req_module.html#limit_req), connecting clients may need to be tracked in a [common memory zone](https://nginx.org/en/docs/http/ngx_http_limit_req_module.html#limit_req_zone) so all worker processes can know how many times a particular client has accessed the server in a span of time."
            },
            {
              "file_path": "nginx-master/auto/options",
              "line_number": 441,
              "line_preview": "worker processes"
            },
            {
              "file_path": "nginx-master/auto/options",
              "line_number": 443,
              "line_preview": "worker processes"
            }
          ]
        },
        {
          "keyword": "event-based model",
          "occurrences": []
        },
        {
          "keyword": "configuration file",
          "occurrences": [
            {
              "file_path": "nginx-master/README.md",
              "line_number": 65,
              "line_preview": "NGINX is highly flexible and configurable. Provisioning the software is achieved via text-based config file(s) accepting parameters called \"[Directives](https://nginx.org/en/docs/dirindex.html)\". See [Configuration File's Structure](https://nginx.org/en/docs/beginners_guide.html#conf_structure) for a comprehensive description of how NGINX configuration files work."
            },
            {
              "file_path": "nginx-master/README.md",
              "line_number": 72,
              "line_preview": "- A \"master\" process that maintains worker processes, as well as, reads and evaluates configuration files."
            },
            {
              "file_path": "nginx-master/README.md",
              "line_number": 75,
              "line_preview": "The number of [worker processes](https://nginx.org/en/docs/ngx_core_module.html#worker_processes) is defined in the configuration file and may be fixed for a given configuration or automatically adjusted to the number of available CPU cores. In most cases, the latter option optimally balances load across available system resources, as NGINX is designed to efficiently distribute work across all worker processes."
            },
            {
              "file_path": "nginx-master/SECURITY.md",
              "line_number": 76,
              "line_preview": "In nginx, configuration files, modules, certificate/key pairs, nginx JavaScript,"
            },
            {
              "file_path": "nginx-master/auto/summary",
              "line_number": 51,
              "line_preview": "nginx configuration file: \"$NGX_CONF_PATH\""
            }
          ]
        },
        {
          "keyword": "nginx.conf",
          "occurrences": [
            {
              "file_path": "nginx-master/misc/GNUmakefile",
              "line_number": 47,
              "line_preview": "--conf-path=conf/nginx.conf\t\t\t\t\\"
            },
            {
              "file_path": "nginx-master/auto/options",
              "line_number": 435,
              "line_preview": "--conf-path=PATH                   set nginx.conf pathname"
            },
            {
              "file_path": "nginx-master/auto/options",
              "line_number": 622,
              "line_preview": "NGX_CONF_PATH=${NGX_CONF_PATH:-conf/nginx.conf}"
            },
            {
              "file_path": "nginx-master/auto/install",
              "line_number": 148,
              "line_preview": "|| cp conf/nginx.conf '\\$(DESTDIR)$NGX_CONF_PATH'"
            },
            {
              "file_path": "nginx-master/auto/install",
              "line_number": 149,
              "line_preview": "cp conf/nginx.conf '\\$(DESTDIR)$NGX_CONF_PREFIX/nginx.conf.default'"
            }
          ]
        },
        {
          "keyword": "start nginx",
          "occurrences": []
        },
        {
          "keyword": "stop nginx",
          "occurrences": []
        },
        {
          "keyword": "reload configuration",
          "occurrences": [
            {
              "file_path": "nginx-master/docs/man/nginx.8",
              "line_number": 122,
              "line_preview": "Reload configuration, start the new worker process with a new"
            }
          ]
        },
        {
          "keyword": "graceful shutdown",
          "occurrences": [
            {
              "file_path": "nginx-master/src/event/quic/ngx_event_quic.c",
              "line_number": 430,
              "line_preview": "qc->error_reason = \"graceful shutdown\";"
            }
          ]
        },
        {
          "keyword": "fast shutdown",
          "occurrences": []
        },
        {
          "keyword": "reopen log files",
          "occurrences": [
            {
              "file_path": "nginx-master/docs/man/nginx.8",
              "line_number": 127,
              "line_preview": "Reopen log files."
            },
            {
              "file_path": "nginx-master/docs/man/nginx.8",
              "line_number": 145,
              "line_preview": "Reopen log files."
            }
          ]
        },
        {
          "keyword": "signal",
          "occurrences": [
            {
              "file_path": "nginx-master/auto/types/typedef",
              "line_number": 23,
              "line_preview": "#include <signal.h>"
            },
            {
              "file_path": "nginx-master/auto/types/sizeof",
              "line_number": 22,
              "line_preview": "#include <signal.h>"
            },
            {
              "file_path": "nginx-master/docs/man/nginx.8",
              "line_number": 41,
              "line_preview": ".Op Fl s Ar signal"
            },
            {
              "file_path": "nginx-master/docs/man/nginx.8",
              "line_number": 75,
              "line_preview": ".It Fl s Ar signal"
            },
            {
              "file_path": "nginx-master/docs/man/nginx.8",
              "line_number": 76,
              "line_preview": "Send a signal to the master process."
            }
          ]
        },
        {
          "keyword": "kill utility",
          "occurrences": []
        },
        {
          "keyword": "process ID",
          "occurrences": [
            {
              "file_path": "nginx-master/docs/man/nginx.8",
              "line_number": 176,
              "line_preview": "Contains the process ID of"
            }
          ]
        },
        {
          "keyword": "serving static content",
          "occurrences": []
        },
        {
          "keyword": "server block",
          "occurrences": [
            {
              "file_path": "nginx-master/src/stream/ngx_stream_ssl_module.c",
              "line_number": 1730,
              "line_preview": "* check all non-default server blocks"
            },
            {
              "file_path": "nginx-master/src/http/modules/ngx_http_ssl_module.c",
              "line_number": 1451,
              "line_preview": "* check all non-default server blocks"
            }
          ]
        },
        {
          "keyword": "location block",
          "occurrences": []
        },
        {
          "keyword": "http block",
          "occurrences": [
            {
              "file_path": "nginx-master/src/mail/ngx_mail_auth_http_module.c",
              "line_number": 1108,
              "line_preview": "\"mail auth http block read\");"
            }
          ]
        },
        {
          "keyword": "directives",
          "occurrences": [
            {
              "file_path": "nginx-master/README.md",
              "line_number": 65,
              "line_preview": "NGINX is highly flexible and configurable. Provisioning the software is achieved via text-based config file(s) accepting parameters called \"[Directives](https://nginx.org/en/docs/dirindex.html)\". See [Configuration File's Structure](https://nginx.org/en/docs/beginners_guide.html#conf_structure) for a comprehensive description of how NGINX configuration files work."
            },
            {
              "file_path": "nginx-master/README.md",
              "line_number": 68,
              "line_preview": "> The set of directives available to your distribution of NGINX is dependent on which [modules](#modules) have been made available to it."
            },
            {
              "file_path": "nginx-master/README.md",
              "line_number": 78,
              "line_preview": "> Processes synchronize data through shared memory. For this reason, many NGINX directives require the allocation of shared memory zones. As an example, when configuring [rate limiting](https://nginx.org/en/docs/http/ngx_http_limit_req_module.html#limit_req), connecting clients may need to be tracked in a [common memory zone](https://nginx.org/en/docs/http/ngx_http_limit_req_module.html#limit_req_zone) so all worker processes can know how many times a particular client has accessed the server in a span of time."
            },
            {
              "file_path": "nginx-master/docs/man/nginx.8",
              "line_number": 39,
              "line_preview": ".Op Fl g Ar directives"
            },
            {
              "file_path": "nginx-master/docs/man/nginx.8",
              "line_number": 52,
              "line_preview": ".Bl -tag -width \".Fl d Ar directives\""
            }
          ]
        }
      ]
    }
  ]
}
