﻿proto_id,file_path,name,status,implemented_at,notes
proto_dd40f99ca64a6b1e,sample_files/sudo/plugins/group_file/plugin_test.c,main,FOUND,func_54dacc2cf12a5acb,
proto_7c0a140669ace45c,sample_files/sudo/plugins/group_file/getgrent.c,mysetgrfile,FOUND,func_73d3f38192629fa0,
proto_976d48f32b579ae5,sample_files/sudo/plugins/group_file/getgrent.c,mysetgrent,ALREADY_SET,func_8df6bfc7cd92e400,
proto_87a3df7588a7e2fb,sample_files/sudo/plugins/group_file/getgrent.c,myendgrent,ALREADY_SET,func_6db57051691a64f0,
proto_b445e9ba5398b702,sample_files/sudo/plugins/group_file/group_file.c,mysetgrfile,NOT_FOUND,,実装が見つかりません
proto_7132afac913a1012,sample_files/sudo/plugins/group_file/group_file.c,mysetgrent,ALREADY_SET,func_8df6bfc7cd92e400,
proto_753dc6379a2b6ea2,sample_files/sudo/plugins/group_file/group_file.c,myendgrent,ALREADY_SET,func_6db57051691a64f0,
proto_905edd0e9a77e97d,sample_files/sudo/plugins/sudoers/sssd.c,sudo_sss_open,ALREADY_SET,func_23ac838c5cddb337,
proto_70afe6cd01ada0d6,sample_files/sudo/plugins/sudoers/sssd.c,sudo_sss_close,ALREADY_SET,func_64ca150c6cd76905,
proto_f7a847d050849b0d,sample_files/sudo/plugins/sudoers/sssd.c,sudo_sss_parse,ALREADY_SET,func_79e9f4985ecf84a7,
proto_b60e8757161a7181,sample_files/sudo/plugins/sudoers/sssd.c,sudo_sss_parse_options,FOUND,func_17b08f5671cb8484,
proto_cc9e437fb2ee767e,sample_files/sudo/plugins/sudoers/sssd.c,sudo_sss_setdefs,ALREADY_SET,func_6aabbc90f36ebc11,
proto_787760737cb14d0d,sample_files/sudo/plugins/sudoers/sssd.c,sudo_sss_lookup,ALREADY_SET,func_fd384f3cda3f3d5b,
proto_9dbecd3aed0a1e45,sample_files/sudo/plugins/sudoers/sssd.c,sudo_sss_display_cmnd,ALREADY_SET,func_7f114961d0286419,
proto_812ea23ebf916c99,sample_files/sudo/plugins/sudoers/sssd.c,sudo_sss_display_defaults,FOUND,func_12fb82005b8228ec,
proto_f7ebcf46919e047e,sample_files/sudo/plugins/sudoers/sssd.c,sudo_sss_display_bound_defaults,FOUND,func_c182fc2187e8f99a,
proto_52446e6b0b4edd10,sample_files/sudo/plugins/sudoers/sssd.c,sudo_sss_display_privs,FOUND,func_e6a191b3479295ce,
proto_65c6dcefe30e7097,sample_files/sudo/plugins/sudoers/match.c,command_matches_dir,ALREADY_SET,func_496d5b58d0839c1f,
proto_79ebcc836a372e9e,sample_files/sudo/plugins/sudoers/match.c,command_matches_glob,ALREADY_SET,func_f7b6e6b56a65691f,
proto_b841a69307c0d639,sample_files/sudo/plugins/sudoers/match.c,command_matches_fnmatch,ALREADY_SET,func_c984fd225812a33b,
proto_d7cd89b44866030c,sample_files/sudo/plugins/sudoers/match.c,command_matches_normal,ALREADY_SET,func_2b94a8922657b26d,
proto_5285c08f2a126389,sample_files/sudo/plugins/sudoers/pwutil.c,cmp_pwuid,FOUND,func_73bbef20a7941ad9,
proto_6e41310518fb90e,sample_files/sudo/plugins/sudoers/pwutil.c,cmp_pwnam,FOUND,func_d094d6902d73c00f,
proto_c49bdd7957199d63,sample_files/sudo/plugins/sudoers/pwutil.c,cmp_grgid,FOUND,func_c6a121b0062ebf24,
proto_fd43d9ff3ee197b2,sample_files/sudo/plugins/sudoers/bsm_audit.h,bsm_audit_success,NOT_FOUND,,実装が見つかりません
proto_e45dd91c35a383c1,sample_files/sudo/plugins/sudoers/bsm_audit.h,bsm_audit_failure,NOT_FOUND,,実装が見つかりません
proto_b246c5426cfe60f,sample_files/sudo/plugins/sudoers/interfaces.h,get_net_ifs,ALREADY_SET,func_da92480687d0055e,
proto_bb82b937041c05a8,sample_files/sudo/plugins/sudoers/interfaces.h,dump_interfaces,NOT_FOUND,,実装が見つかりません
proto_fe15aac1d57ed70c,sample_files/sudo/plugins/sudoers/interfaces.h,set_interfaces,NOT_FOUND,,実装が見つかりません
proto_98884e9bc849105f,sample_files/sudo/plugins/sudoers/sudoers.c,cb_runas_default,FOUND,func_dd12d4d6d4098f09,
proto_238bc6008b1a1add,sample_files/sudo/plugins/sudoers/sudoers.c,cb_sudoers_locale,FOUND,func_7b6d6457dbf76f31,
proto_7971bfd7ede5d42a,sample_files/sudo/plugins/sudoers/sudoers.c,set_cmnd,ALREADY_SET,func_7c1191390a3b0144,
proto_3b87d4b4d6ea41b1,sample_files/sudo/plugins/sudoers/sudoers.c,create_admin_success_flag,ALREADY_SET,func_7455f29316c5c341,
proto_9cdf832fa309456c,sample_files/sudo/plugins/sudoers/sudoers.c,init_vars,FOUND,func_c29f05bb03bb9147,
proto_cdde3973f616fbc4,sample_files/sudo/plugins/sudoers/sudoers.c,set_fqdn,ALREADY_SET,func_b233adf6d9190a8b,
proto_dc183fc58d1a9b4c,sample_files/sudo/plugins/sudoers/sudoers.c,set_loginclass,FOUND,func_712179823cdf2331,
proto_bc5b75129ec80e67,sample_files/sudo/plugins/sudoers/sudoers.c,set_runasgr,FOUND,func_d1f3d75a4b6f8488,
proto_7de6f644481757dd,sample_files/sudo/plugins/sudoers/sudoers.c,set_runaspw,FOUND,func_cd5ee78ed328babf,
proto_417c7939b4912db,sample_files/sudo/plugins/sudoers/sudoers.c,tty_present,ALREADY_SET,func_9077b1e463b39c74,
proto_5fd2d04c7a182849,sample_files/sudo/plugins/sudoers/redblack.c,rbrepair,FOUND,func_bdb8e68b8996b9b8,
proto_c48f306e0959dfbd,sample_files/sudo/plugins/sudoers/redblack.c,rotate_left,FOUND,func_49b0f3361aec57dd,
proto_c00d7bd8acb4b6f5,sample_files/sudo/plugins/sudoers/redblack.c,rotate_right,FOUND,func_3d88dfd08273a956,
proto_3aba5d3a975bde5e,sample_files/sudo/plugins/sudoers/redblack.c,rbdestroy_int,FOUND,func_28b6efed0a300188,
proto_b5f40b12ac08f497,sample_files/sudo/plugins/sudoers/tsgetgrpw.h,setgrfile,NOT_FOUND,,実装が見つかりません
proto_c8af451e3f4f583,sample_files/sudo/plugins/sudoers/tsgetgrpw.h,setgrent,ALREADY_SET,func_fd4fb1cdec82727e,
proto_cd60c48922c02d9e,sample_files/sudo/plugins/sudoers/tsgetgrpw.h,endgrent,ALREADY_SET,func_13f00fed76dae727,
proto_9b54f012f210f218,sample_files/sudo/plugins/sudoers/tsgetgrpw.h,setpwfile,NOT_FOUND,,実装が見つかりません
proto_4f1d05780d9ccf4a,sample_files/sudo/plugins/sudoers/tsgetgrpw.h,setpwent,ALREADY_SET,func_b6f9d22d2c496b79,
proto_dd820cc9a8af243e,sample_files/sudo/plugins/sudoers/tsgetgrpw.h,endpwent,ALREADY_SET,func_d7c3c4dea7f8ea70,
proto_d093e32397b2c136,sample_files/sudo/plugins/sudoers/check.c,display_lecture,FOUND,func_3a92d8b68412540d,
proto_5a550baf18165059,sample_files/sudo/plugins/sudoers/gram.c,add_defaults,FOUND,func_9efcb613766cd480,
proto_7d982c512e208fda,sample_files/sudo/plugins/sudoers/gram.c,add_userspec,FOUND,func_9cf8b66e3051ff6d,
proto_bb54c04e26481e6c,sample_files/sudo/plugins/sudoers/gram.c,yygrowstack,FOUND,func_c9fd095ff9b836e2,
proto_6348ca7a60ada4f5,sample_files/sudo/plugins/sudoers/auth/pam.c,converse,FOUND,func_d3aa39e018023488,
proto_9c0a1d7800903b4b,sample_files/sudo/plugins/sudoers/auth/sudo_auth.h,bsdauth_init,ALREADY_SET,func_6ac5d60c59bc07ad,
proto_2c52c3b3225b5273,sample_files/sudo/plugins/sudoers/auth/sudo_auth.h,bsdauth_verify,ALREADY_SET,func_c09b81f64302565d,
proto_b0e4d95775831f3,sample_files/sudo/plugins/sudoers/auth/sudo_auth.h,bsdauth_cleanup,ALREADY_SET,func_507a412fbe18f7ac,
proto_1478003805cb27bb,sample_files/sudo/plugins/sudoers/auth/sudo_auth.h,sudo_aix_init,ALREADY_SET,func_c50ce8282fbaa48f,
proto_d31be82a58380924,sample_files/sudo/plugins/sudoers/auth/sudo_auth.h,sudo_aix_verify,NOT_FOUND,,実装が見つかりません
proto_82918b1b473de4c8,sample_files/sudo/plugins/sudoers/auth/sudo_auth.h,sudo_aix_cleanup,ALREADY_SET,func_f6fa942aededbda,
proto_8527446cb3fd117c,sample_files/sudo/plugins/sudoers/auth/sudo_auth.h,sudo_fwtk_init,ALREADY_SET,func_6cdbc5082733a23,
proto_9388065c6c323b3c,sample_files/sudo/plugins/sudoers/auth/sudo_auth.h,sudo_fwtk_verify,ALREADY_SET,func_d89379531f3a7978,
proto_c54196c4e79384ec,sample_files/sudo/plugins/sudoers/auth/sudo_auth.h,sudo_fwtk_cleanup,ALREADY_SET,func_775073a494c60e64,
proto_8c36ca01977460b1,sample_files/sudo/plugins/sudoers/auth/sudo_auth.h,sudo_pam_init,ALREADY_SET,func_2081aa86ae66b5f,
proto_12bf88fd3b5f6788,sample_files/sudo/plugins/sudoers/auth/sudo_auth.h,sudo_pam_init_quiet,ALREADY_SET,func_a25e292bafd7ef99,
proto_e2305408d2a8af1c,sample_files/sudo/plugins/sudoers/auth/sudo_auth.h,sudo_pam_verify,ALREADY_SET,func_b0bd11f87349ff60,
proto_792ef6337748225e,sample_files/sudo/plugins/sudoers/auth/sudo_auth.h,sudo_pam_cleanup,ALREADY_SET,func_e0705136f11d32f,
proto_f06d2219fb9a3748,sample_files/sudo/plugins/sudoers/auth/sudo_auth.h,sudo_pam_begin_session,NOT_FOUND,,実装が見つかりません
proto_91b075d03e0c2e7c,sample_files/sudo/plugins/sudoers/auth/sudo_auth.h,sudo_pam_end_session,ALREADY_SET,func_8bfb668a8ff84d00,
proto_c2bfb9bf36a9ce2d,sample_files/sudo/plugins/sudoers/auth/sudo_auth.h,sudo_securid_init,ALREADY_SET,func_dee8ab20e378fc53,
proto_9669567d15caade,sample_files/sudo/plugins/sudoers/auth/sudo_auth.h,sudo_securid_setup,NOT_FOUND,,実装が見つかりません
proto_dcf0ae36159d7df2,sample_files/sudo/plugins/sudoers/auth/sudo_auth.h,sudo_securid_verify,ALREADY_SET,func_55e9b04a5e49b25a,
proto_c6455f5b704576e8,sample_files/sudo/plugins/sudoers/auth/sudo_auth.h,sudo_sia_setup,NOT_FOUND,,実装が見つかりません
proto_eb7e170676dfb24e,sample_files/sudo/plugins/sudoers/auth/sudo_auth.h,sudo_sia_verify,NOT_FOUND,,実装が見つかりません
proto_de218229bf0b0154,sample_files/sudo/plugins/sudoers/auth/sudo_auth.h,sudo_sia_cleanup,ALREADY_SET,func_bf6a1426ae497658,
proto_3ca8f4023547ff29,sample_files/sudo/plugins/sudoers/auth/sudo_auth.h,sudo_sia_begin_session,NOT_FOUND,,実装が見つかりません
proto_ab4b14c6347a1ca1,sample_files/sudo/plugins/sudoers/auth/sudo_auth.h,sudo_afs_verify,ALREADY_SET,func_b33ff62d3a18733b,
proto_d0be051da580adc3,sample_files/sudo/plugins/sudoers/auth/sudo_auth.h,sudo_dce_verify,NOT_FOUND,,実装が見つかりません
proto_f466d0f6909bc437,sample_files/sudo/plugins/sudoers/auth/sudo_auth.h,sudo_krb5_init,ALREADY_SET,func_ec392ee7a96a6429,
proto_f303c144efd0eeaf,sample_files/sudo/plugins/sudoers/auth/sudo_auth.h,sudo_krb5_setup,NOT_FOUND,,実装が見つかりません
proto_95c71d0fcb175ad8,sample_files/sudo/plugins/sudoers/auth/sudo_auth.h,sudo_krb5_verify,ALREADY_SET,func_50a53c9965c5f49d,
proto_4e640e186c2f6581,sample_files/sudo/plugins/sudoers/auth/sudo_auth.h,sudo_krb5_cleanup,ALREADY_SET,func_b17148aca823f6af,
proto_3c4e82ce959347cd,sample_files/sudo/plugins/sudoers/auth/sudo_auth.h,sudo_passwd_init,ALREADY_SET,func_49ce519ed3be5d89,
proto_9371c4680bc89e80,sample_files/sudo/plugins/sudoers/auth/sudo_auth.h,sudo_passwd_verify,ALREADY_SET,func_22cb023c88794bbb,
proto_6bc97a3db16119b8,sample_files/sudo/plugins/sudoers/auth/sudo_auth.h,sudo_passwd_cleanup,NOT_FOUND,,実装が見つかりません
proto_8a997d5dc5d2409b,sample_files/sudo/plugins/sudoers/auth/sudo_auth.h,sudo_rfc1938_setup,NOT_FOUND,,実装が見つかりません
proto_37cd46b25d0aa384,sample_files/sudo/plugins/sudoers/auth/sudo_auth.h,sudo_rfc1938_verify,ALREADY_SET,func_93bd3a0674160be4,
proto_9be21ac3b84f61ca,sample_files/sudo/plugins/sudoers/auth/sudo_auth.h,sudo_secureware_init,ALREADY_SET,func_8bc50397d261e5e,
proto_70e14cc28396a317,sample_files/sudo/plugins/sudoers/auth/sudo_auth.h,sudo_secureware_verify,ALREADY_SET,func_2dc151297ce35a30,
proto_dc07a782e0edd637,sample_files/sudo/plugins/sudoers/auth/sudo_auth.h,sudo_secureware_cleanup,NOT_FOUND,,実装が見つかりません
proto_3ee7ba97fce33ef9,sample_files/sudo/plugins/sudoers/auth/dce.c,check_dce_status,FOUND,func_5d46a4faf634440d,
proto_4f7dde72ddcff6a8,sample_files/sudo/plugins/sudoers/auth/kerb5.c,verify_krb_v5_tgt,FOUND,func_efb5f49d0e65afc2,
proto_b3642db3e3515042,sample_files/sudo/plugins/sudoers/regress/parser/check_fill.c,main,FOUND,func_4873b75fffe6e641,
proto_ffee8ce261382905,sample_files/sudo/plugins/sudoers/regress/parser/check_base64.c,base64_decode,NOT_FOUND,,実装が見つかりません
proto_76b4392cab7e17a3,sample_files/sudo/plugins/sudoers/regress/parser/check_base64.c,main,FOUND,func_4b602aa77a017668,
proto_a3a79cc0dd66a8bb,sample_files/sudo/plugins/sudoers/regress/parser/check_hexchar.c,hexchar,ALREADY_SET,func_10df919fbdf8649a,
proto_f6d60206f40f7f79,sample_files/sudo/plugins/sudoers/regress/parser/check_hexchar.c,main,FOUND,func_53e7c4264ff458af,
proto_dc78780ed6896dbf,sample_files/sudo/plugins/sudoers/regress/parser/check_addr.c,main,FOUND,func_ea6bd86f10d8c2fe,
proto_9cf6682403d1740f,sample_files/sudo/plugins/sudoers/regress/parser/check_digest.c,main,FOUND,func_a0f351f2bc6b8145,
proto_95ff1925e20a90b6,sample_files/sudo/plugins/sudoers/regress/iolog_path/check_iolog_path.c,main,FOUND,func_5b35b5f3bc529f79,
proto_c4090c6ee248fb20,sample_files/sudo/plugins/sudoers/regress/logging/check_wrap.c,writeln_wrap,NOT_FOUND,,実装が見つかりません
proto_fc083f3b1bb9f887,sample_files/sudo/plugins/sudoers/regress/logging/check_wrap.c,main,FOUND,func_604e1abcf12cd5f5,
proto_c1d1e9a97b095d46,sample_files/sudo/plugins/sudoers/regress/check_symbols/check_symbols.c,main,FOUND,func_fab80d92d9d3cf1f,
proto_bcfed58e3a3c95c2,sample_files/sudo/plugins/sudoers/sudoreplay.c,get_date,NOT_FOUND,,実装が見つかりません
proto_9dba92826fdd3ff3,sample_files/sudo/plugins/sudoers/sudoreplay.c,list_sessions,FOUND,func_dca7b10e3da783c4,
proto_8fab42e464958e4,sample_files/sudo/plugins/sudoers/sudoreplay.c,open_io_fd,ALREADY_SET,func_ad4c534096127e03,
proto_a2dc030f2abc7d25,sample_files/sudo/plugins/sudoers/sudoreplay.c,parse_expr,FOUND,func_a6b18df42753763c,
proto_cf54ac2505077605,sample_files/sudo/plugins/sudoers/sudoreplay.c,parse_timing,FOUND,func_e7d8030e601fa6c3,
proto_7d48ec106e239b2e,sample_files/sudo/plugins/sudoers/sudoreplay.c,check_input,ALREADY_SET,func_28a25c7a9abcd075,
proto_d423f73aacd14ef4,sample_files/sudo/plugins/sudoers/sudoreplay.c,free_log_info,ALREADY_SET,func_9884387d89ebda95,
proto_f267e17758593ab0,sample_files/sudo/plugins/sudoers/sudoreplay.c,help,ALREADY_SET,func_47a91e3467abee98,
proto_dd433597f9df9fe9,sample_files/sudo/plugins/sudoers/sudoreplay.c,replay_session,ALREADY_SET,func_c2df3fb42ef0b450,
proto_8accaaa2ad19f09c,sample_files/sudo/plugins/sudoers/sudoreplay.c,sudoreplay_cleanup,ALREADY_SET,func_f5ba3b420d011960,
proto_5f0e218537a74d6c,sample_files/sudo/plugins/sudoers/sudoreplay.c,sudoreplay_handler,FOUND,func_af0e517107393065,
proto_89c702299374d1f8,sample_files/sudo/plugins/sudoers/sudoreplay.c,usage,FOUND,func_cdbf41b72af7e4bd,
proto_9ad9573b0ad1fb06,sample_files/sudo/plugins/sudoers/sudoreplay.c,write_output,ALREADY_SET,func_1c7e8350a7024a7f,
proto_fe3049024d61b26a,sample_files/sudo/plugins/sudoers/sudoreplay.c,main,FOUND,func_77175bea0949c48d,
proto_d4252a8c090828fb,sample_files/sudo/plugins/sudoers/parse.h,no_aliases,ALREADY_SET,func_13bad1c1bdaaf8de,
proto_63e87b2b55b6e525,sample_files/sudo/plugins/sudoers/parse.h,alias_compare,NOT_FOUND,,実装が見つかりません
proto_374c21b26e156c04,sample_files/sudo/plugins/sudoers/parse.h,alias_apply,ALREADY_SET,func_72f2026a0989703d,
proto_7c5bd2e05a5ea05b,sample_files/sudo/plugins/sudoers/parse.h,alias_free,NOT_FOUND,,実装が見つかりません
proto_545c05472a1bf41e,sample_files/sudo/plugins/sudoers/parse.h,alias_put,ALREADY_SET,func_ab6ceec026de454f,
proto_54982d14a8987812,sample_files/sudo/plugins/sudoers/parse.h,init_aliases,ALREADY_SET,func_3182cb0fd2252275,
proto_9daea0fc746109d4,sample_files/sudo/plugins/sudoers/parse.h,init_parser,NOT_FOUND,,実装が見つかりません
proto_6027927f50b0427b,sample_files/sudo/plugins/sudoers/parse.h,addr_matches,ALREADY_SET,func_d0f44efe6949f518,
proto_98b0489111024fb6,sample_files/sudo/plugins/sudoers/parse.h,command_matches,ALREADY_SET,func_b8de258681818007,
proto_ef774c63b07480c5,sample_files/sudo/plugins/sudoers/parse.h,group_matches,ALREADY_SET,func_3282436c393ead73,
proto_73b34c72919bfe8b,sample_files/sudo/plugins/sudoers/parse.h,hostname_matches,ALREADY_SET,func_3da1b83a858bc621,
proto_1a00b900cf585719,sample_files/sudo/plugins/sudoers/parse.h,netgr_matches,ALREADY_SET,func_414c44ec302b91ad,
proto_e06e2bc0c08bcf13,sample_files/sudo/plugins/sudoers/parse.h,usergr_matches,ALREADY_SET,func_b4ffdf69de9f4df3,
proto_fb1432fe87a3326f,sample_files/sudo/plugins/sudoers/parse.h,userpw_matches,ALREADY_SET,func_a4b6f357576e5a34,
proto_5f3ea92411419f7f,sample_files/sudo/plugins/sudoers/parse.h,cmnd_matches,ALREADY_SET,func_36894016095a4ed4,
proto_467b2a28bd8d6483,sample_files/sudo/plugins/sudoers/parse.h,cmndlist_matches,ALREADY_SET,func_4339809eb9fb2ab7,
proto_f708a8a7b24dc5ac,sample_files/sudo/plugins/sudoers/parse.h,hostlist_matches,ALREADY_SET,func_81db3b8d93e43fd0,
proto_de3a7d755a5f968c,sample_files/sudo/plugins/sudoers/parse.h,runaslist_matches,NOT_FOUND,,実装が見つかりません
proto_98e2309d75fed387,sample_files/sudo/plugins/sudoers/parse.h,userlist_matches,ALREADY_SET,func_a89d7cfd42eea7e4,
proto_f65a8cbba075a4de,sample_files/sudo/plugins/sudoers/parse.h,init_lexer,ALREADY_SET,func_4b054ab54764343d,
proto_4b946c93903cbb01,sample_files/sudo/plugins/sudoers/parse.h,hexchar,ALREADY_SET,func_10df919fbdf8649a,
proto_cad994733cd43ff4,sample_files/sudo/plugins/sudoers/parse.h,base64_decode,NOT_FOUND,,実装が見つかりません
proto_77266fe3c1099a05,sample_files/sudo/plugins/sudoers/defaults.c,store_int,FOUND,func_825de2347ff786d2,
proto_edbd0f6c06fb43bf,sample_files/sudo/plugins/sudoers/defaults.c,store_list,FOUND,func_3e972fe6c8b7e699,
proto_882bd1286873e5da,sample_files/sudo/plugins/sudoers/defaults.c,store_mode,FOUND,func_72f7d6addb94d4f5,
proto_f8511854350dbd7a,sample_files/sudo/plugins/sudoers/defaults.c,store_str,FOUND,func_62a1377c75c89d9d,
proto_b57ae9c70c36331d,sample_files/sudo/plugins/sudoers/defaults.c,store_syslogfac,FOUND,func_219ce16076ca6107,
proto_6064024491d4a465,sample_files/sudo/plugins/sudoers/defaults.c,store_syslogpri,FOUND,func_3d30848970e096d2,
proto_72031fe3fe0d136f,sample_files/sudo/plugins/sudoers/defaults.c,store_tuple,FOUND,func_86cb4ca845fe0a47,
proto_bd0c6cf7e50ab175,sample_files/sudo/plugins/sudoers/defaults.c,store_uint,FOUND,func_3f1d3419d2892631,
proto_75d9955831312580,sample_files/sudo/plugins/sudoers/defaults.c,store_float,FOUND,func_a2cb2d45297d8143,
proto_8c639f4d1dbfe03e,sample_files/sudo/plugins/sudoers/defaults.c,list_op,FOUND,func_1ad1affe9886dc6a,
proto_430ff03df224b81a,sample_files/sudo/plugins/sudoers/logging.h,sudoers_warn_setlocale,ALREADY_SET,func_7273d7575fe2d427,
proto_e7c8cbc6ae0cf3b5,sample_files/sudo/plugins/sudoers/logging.h,sudoers_setlocale,ALREADY_SET,func_a60dc21f6cf63076,
proto_3aa2d1533399bb54,sample_files/sudo/plugins/sudoers/logging.h,sudoers_getlocale,ALREADY_SET,func_82377fc99b8a7847,
proto_5dc0d9d019bc03d1,sample_files/sudo/plugins/sudoers/logging.h,audit_success,ALREADY_SET,func_cf47cba03a0d783c,
proto_e5b5ac5483e0806b,sample_files/sudo/plugins/sudoers/logging.h,log_allowed,ALREADY_SET,func_3aba615178bbb3c3,
proto_1d817209e29bd344,sample_files/sudo/plugins/sudoers/logging.h,log_auth_failure,ALREADY_SET,func_51cc32aef925065a,
proto_6d9d4a8963167cf5,sample_files/sudo/plugins/sudoers/logging.h,log_denial,ALREADY_SET,func_782f2e04f5c12345,
proto_7fde179dc7513310,sample_files/sudo/plugins/sudoers/logging.h,log_failure,ALREADY_SET,func_3ee38e43d429a473,
proto_117f46b00cdcf211,sample_files/sudo/plugins/sudoers/logging.h,sudoers_initlocale,ALREADY_SET,func_ffa3c4b31832c8f1,
proto_1f7798382954e085,sample_files/sudo/plugins/sudoers/logging.h,writeln_wrap,NOT_FOUND,,実装が見つかりません
proto_5f89a2905f2c8d46,sample_files/sudo/plugins/sudoers/getdate.c,yyerror,ALREADY_SET,func_5f82f7ac35f7e590,
proto_218b3a73569cfe00,sample_files/sudo/plugins/sudoers/getdate.c,yylex,ALREADY_SET,func_9f7771836879ec2d,
proto_7a0d365fdf737f1d,sample_files/sudo/plugins/sudoers/getdate.c,yyparse,FOUND,func_187b46e35f01e96f,
proto_1387b1140eccd8bc,sample_files/sudo/plugins/sudoers/getdate.c,yygrowstack,FOUND,func_bae75fcf560b2e5d,
proto_9244758dbbd63a9c,sample_files/sudo/plugins/sudoers/toke.c,push_include_int,FOUND,func_b86bb3675221fc51,
proto_73027505f69541d5,sample_files/sudo/plugins/sudoers/toke.c,pop_include,ALREADY_SET,func_8b2c018a2802e19b,
proto_4331653ee683636e,sample_files/sudo/plugins/sudoers/toke.c,yy_try_NUL_trans,FOUND,func_d0dc67de26d3e670,
proto_39aa04b8ab380799,sample_files/sudo/plugins/sudoers/toke.c,yyunput,FOUND,func_a2ca6dab52f45e80,
proto_f2cc815cfb12b7bf,sample_files/sudo/plugins/sudoers/toke.c,yyrestart,FOUND,func_16b76e63bc77f5f8,
proto_1714ba5547240132,sample_files/sudo/plugins/sudoers/toke.c,yy_switch_to_buffer,FOUND,func_b0e35f7270eaf267,
proto_65caa2a2af7ca8da,sample_files/sudo/plugins/sudoers/toke.c,yy_load_buffer_state,FOUND,func_39a9504df2869327,
proto_e9674afa8d10407a,sample_files/sudo/plugins/sudoers/toke.c,yy_create_buffer,FOUND,func_1f9cc210af674621,
proto_98c7ffdd3da303c1,sample_files/sudo/plugins/sudoers/toke.c,yy_delete_buffer,FOUND,func_18719e747495e001,
proto_e1e0885aa71e6de1,sample_files/sudo/plugins/sudoers/toke.c,yy_init_buffer,FOUND,func_f54932bcc37c95eb,
proto_a9db810a3fd72fb1,sample_files/sudo/plugins/sudoers/toke.c,yy_flush_buffer,FOUND,func_31bfcdc88e684f5a,
proto_17867f0179327aab,sample_files/sudo/plugins/sudoers/toke.c,yy_scan_buffer,FOUND,func_5369131157445618,
proto_84f85c6c84831eb4,sample_files/sudo/plugins/sudoers/toke.c,yy_push_state,FOUND,func_2cc1df4dce7bc090,
proto_d178d29d707b93b9,sample_files/sudo/plugins/sudoers/toke.c,yy_fatal_error,WARNING,,no implementation found in warnings
proto_31cc3f2d44467125,sample_files/sudo/plugins/sudoers/toke.c,yy_flex_strncpy,FOUND,func_b1e1d1cab16f159,
proto_58bd3d256f78044,sample_files/sudo/plugins/sudoers/toke.c,yy_flex_strlen,FOUND,func_4e1b309a02475a6f,
proto_adcb8cf20f7927b8,sample_files/sudo/plugins/sudoers/toke.c,yy_flex_free,FOUND,func_b6fbb2fb1587abdf,
proto_60a78217f8c12,sample_files/sudo/plugins/sudoers/sudoers.h,sudo_goodpath,ALREADY_SET,func_7ea5415580dc71b8,
proto_b8ee0baf9f301dc9,sample_files/sudo/plugins/sudoers/sudoers.h,find_path,ALREADY_SET,func_e9116c85341e8a27,
proto_dbf432e40ce8a630,sample_files/sudo/plugins/sudoers/sudoers.h,check_user,NOT_FOUND,,実装が見つかりません
proto_74c9d20c426df141,sample_files/sudo/plugins/sudoers/sudoers.h,user_is_exempt,ALREADY_SET,func_b0a334f8ca1f7364,
proto_10ed56b8562c8474,sample_files/sudo/plugins/sudoers/sudoers.h,timestamp_remove,NOT_FOUND,,実装が見つかりません
proto_3d5a6a2ca74bdf5a,sample_files/sudo/plugins/sudoers/sudoers.h,sudo_auth_needs_end_session,WARNING,,no implementation found in warnings
proto_19bc977a42f6be9,sample_files/sudo/plugins/sudoers/sudoers.h,verify_user,WARNING,,no implementation found in warnings
proto_c02353c1ddeefdc0,sample_files/sudo/plugins/sudoers/sudoers.h,sudo_auth_begin_session,WARNING,,no implementation found in warnings
proto_15d19586ab793592,sample_files/sudo/plugins/sudoers/sudoers.h,sudo_auth_end_session,WARNING,,no implementation found in warnings
proto_655eb2d125d25eef,sample_files/sudo/plugins/sudoers/sudoers.h,sudo_auth_init,WARNING,,no implementation found in warnings
proto_d3d94b321bdd902b,sample_files/sudo/plugins/sudoers/sudoers.h,sudo_auth_cleanup,WARNING,,no implementation found in warnings
proto_40cd682e4fa6ad33,sample_files/sudo/plugins/sudoers/sudoers.h,rewind_perms,ALREADY_SET,func_c57c8ae5b904e792,
proto_9655428604d0687,sample_files/sudo/plugins/sudoers/sudoers.h,set_perms,NOT_FOUND,,実装が見つかりません
proto_63fadd1485782725,sample_files/sudo/plugins/sudoers/sudoers.h,restore_perms,ALREADY_SET,func_b54beebaea0d8b01,
proto_145128b22d4581f5,sample_files/sudo/plugins/sudoers/sudoers.h,pam_prep_user,WARNING,,no implementation found in warnings
proto_a2ea7a51ddb44864,sample_files/sudo/plugins/sudoers/sudoers.h,sudoersparse,WARNING,,no implementation found in warnings
proto_a1543259af4742cb,sample_files/sudo/plugins/sudoers/sudoers.h,dump_defaults,ALREADY_SET,func_84950b4e1e1142a7,
proto_9143b5e98d1f2fc8,sample_files/sudo/plugins/sudoers/sudoers.h,dump_auth_methods,WARNING,,no implementation found in warnings
proto_96ed65b4b38397e8,sample_files/sudo/plugins/sudoers/sudoers.h,display_privs,NOT_FOUND,,実装が見つかりません
proto_d1baf8796231c536,sample_files/sudo/plugins/sudoers/sudoers.h,display_cmnd,NOT_FOUND,,実装が見つかりません
proto_59e90b5f49891138,sample_files/sudo/plugins/sudoers/sudoers.h,sudo_gr_addref,NOT_FOUND,,実装が見つかりません
proto_41128b369b02371d,sample_files/sudo/plugins/sudoers/sudoers.h,sudo_gr_delref,NOT_FOUND,,実装が見つかりません
proto_fc6b628c5841c90d,sample_files/sudo/plugins/sudoers/sudoers.h,user_in_group,NOT_FOUND,,実装が見つかりません
proto_e06e5b3e36b7c2f3,sample_files/sudo/plugins/sudoers/sudoers.h,sudo_endspent,ALREADY_SET,func_844f67f3476a33c5,
proto_468da8e780e3d505,sample_files/sudo/plugins/sudoers/sudoers.h,sudo_freegrcache,ALREADY_SET,func_60a38e74c7aca1c5,
proto_c38f6345ab98619,sample_files/sudo/plugins/sudoers/sudoers.h,sudo_freepwcache,ALREADY_SET,func_69e0fdeac089e44b,
proto_e487a399f2bb3a9a,sample_files/sudo/plugins/sudoers/sudoers.h,sudo_grlist_addref,NOT_FOUND,,実装が見つかりません
proto_d42e877395f0eafc,sample_files/sudo/plugins/sudoers/sudoers.h,sudo_grlist_delref,NOT_FOUND,,実装が見つかりません
proto_3de16afec214b48a,sample_files/sudo/plugins/sudoers/sudoers.h,sudo_pw_addref,NOT_FOUND,,実装が見つかりません
proto_33f23da7073414a9,sample_files/sudo/plugins/sudoers/sudoers.h,sudo_pw_delref,NOT_FOUND,,実装が見つかりません
proto_eb259f072250cfd7,sample_files/sudo/plugins/sudoers/sudoers.h,sudo_set_grlist,ALREADY_SET,func_a686dc6d9e6137b1,
proto_3148e6228ceb29e9,sample_files/sudo/plugins/sudoers/sudoers.h,sudo_setspent,ALREADY_SET,func_2c755e10db710419,
proto_9d7baebf80e1b71f,sample_files/sudo/plugins/sudoers/sudoers.h,get_boottime,NOT_FOUND,,実装が見つかりません
proto_ed04c19520b3416d,sample_files/sudo/plugins/sudoers/sudoers.h,io_nextid,NOT_FOUND,,実装が見つかりません
proto_d2b6af63af2553a,sample_files/sudo/plugins/sudoers/sudoers.h,io_set_max_sessid,NOT_FOUND,,実装が見つかりません
proto_186f117b4f4d99cf,sample_files/sudo/plugins/sudoers/sudoers.h,env_merge,ALREADY_SET,func_248540dc068ad661,
proto_b1a36ce80a3d2ddb,sample_files/sudo/plugins/sudoers/sudoers.h,env_swap_old,ALREADY_SET,func_be3a8d3b9192d97d,
proto_15294aaab9d84fa7,sample_files/sudo/plugins/sudoers/sudoers.h,env_init,ALREADY_SET,func_f4cade79d09ac2ff,
proto_4d3376511af6e89a,sample_files/sudo/plugins/sudoers/sudoers.h,init_envtables,ALREADY_SET,func_797b0d54c4092532,
proto_392a19eb959037a4,sample_files/sudo/plugins/sudoers/sudoers.h,insert_env_vars,ALREADY_SET,func_c153640794344ed9,
proto_542beb172b1918e9,sample_files/sudo/plugins/sudoers/sudoers.h,read_env_file,NOT_FOUND,,実装が見つかりません
proto_9a32944b5618f0d7,sample_files/sudo/plugins/sudoers/sudoers.h,rebuild_env,ALREADY_SET,func_3059c61c3c61a212,
proto_186349177be9e0d9,sample_files/sudo/plugins/sudoers/sudoers.h,validate_env_vars,NOT_FOUND,,実装が見つかりません
proto_ba4f75c283db22c5,sample_files/sudo/plugins/sudoers/sudoers.h,sudo_setenv,ALREADY_SET,func_bd52d1319d1c0f72,
proto_2d52fc5ecd94b68c,sample_files/sudo/plugins/sudoers/sudoers.h,sudo_unsetenv,NOT_FOUND,,実装が見つかりません
proto_37319d8a0a4ae99b,sample_files/sudo/plugins/sudoers/sudoers.h,sudoers_hook_getenv,ALREADY_SET,func_8c8837296414b7d8,
proto_9162de7e2e9a832d,sample_files/sudo/plugins/sudoers/sudoers.h,sudoers_hook_putenv,ALREADY_SET,func_8187a2c6eae462f9,
proto_e5b794c380ad0e45,sample_files/sudo/plugins/sudoers/sudoers.h,sudoers_hook_setenv,ALREADY_SET,func_3da36eba8411b0cf,
proto_530a8e776bd0f3f8,sample_files/sudo/plugins/sudoers/sudoers.h,sudoers_hook_unsetenv,ALREADY_SET,func_96e85faac93a777f,
proto_e247ab786f475a75,sample_files/sudo/plugins/sudoers/sudoers.h,sudoers_policy_init,ALREADY_SET,func_423ffc796bd5f396,
proto_43a6ec9cc20cef2e,sample_files/sudo/plugins/sudoers/sudoers.h,sudoers_policy_main,NOT_FOUND,,実装が見つかりません
proto_e1bb82b2df7ab860,sample_files/sudo/plugins/sudoers/sudoers.h,sudoers_cleanup,ALREADY_SET,func_24e38430d1eb1f03,
proto_82279fa4478f944e,sample_files/sudo/plugins/sudoers/sudoers.h,sudoers_debug_parse_flags,NOT_FOUND,,実装が見つかりません
proto_8dff412d8f06e43c,sample_files/sudo/plugins/sudoers/sudoers.h,sudoers_debug_register,NOT_FOUND,,実装が見つかりません
proto_54caeea1dacf34ce,sample_files/sudo/plugins/sudoers/sudoers.h,sudoers_debug_deregister,ALREADY_SET,func_858e025b53e67ed1,
proto_a871da96034fc915,sample_files/sudo/plugins/sudoers/sudoers.h,sudoers_policy_deserialize_info,ALREADY_SET,func_301c042eade9f935,
proto_8ce3bfcffe0c92b8,sample_files/sudo/plugins/sudoers/sudoers.h,sudoers_policy_exec_setup,NOT_FOUND,,実装が見つかりません
proto_70d510ef98bed503,sample_files/sudo/plugins/sudoers/sudoers.h,group_plugin_load,ALREADY_SET,func_e0dc23d0e4cb16e3,
proto_dc0125aee3556215,sample_files/sudo/plugins/sudoers/sudoers.h,group_plugin_unload,ALREADY_SET,func_4c3c1905ef103787,
proto_5cdcd3180a8951ee,sample_files/sudo/plugins/sudoers/sudoers.h,group_plugin_query,ALREADY_SET,func_522e1a281f33600d,
proto_c725f1791eb9e73c,sample_files/sudo/plugins/sudoers/sudoers.h,sudoers_gc_add,NOT_FOUND,,実装が見つかりません
proto_aa997d394bbd426,sample_files/sudo/plugins/sudoers/sudoers.h,sudoers_gc_remove,NOT_FOUND,,実装が見つかりません
proto_ea9a7234cc1beeb0,sample_files/sudo/plugins/sudoers/sudoers.h,sudoers_gc_init,ALREADY_SET,func_76db0f05dbbab3cc,
proto_d5fc01b038064ac8,sample_files/sudo/plugins/sudoers/redblack.h,rbapply_node,NOT_FOUND,,実装が見つかりません
proto_c1e7faa858a1760f,sample_files/sudo/plugins/sudoers/redblack.h,rbinsert,NOT_FOUND,,実装が見つかりません
proto_9fcfaaf22cc88444,sample_files/sudo/plugins/sudoers/redblack.h,rbdestroy,NOT_FOUND,,実装が見つかりません
proto_f1b58386e2a8886,sample_files/sudo/plugins/sudoers/visudo.c,quit,FOUND,func_5b6a861768995ded,
proto_6b35017ff57b630a,sample_files/sudo/plugins/sudoers/visudo.c,get_hostname,ALREADY_SET,func_bbb3024a5f5d6522,
proto_cec336ba98638ef7,sample_files/sudo/plugins/sudoers/visudo.c,whatnow,ALREADY_SET,func_ef153a0320c78abd,
proto_b1dc0b70168c4546,sample_files/sudo/plugins/sudoers/visudo.c,check_aliases,FOUND,func_a6b394e1b16de70a,
proto_8567b0401191077a,sample_files/sudo/plugins/sudoers/visudo.c,check_syntax,FOUND,func_12efce6dc54d05f4,
proto_2d21d919ee032392,sample_files/sudo/plugins/sudoers/visudo.c,edit_sudoers,FOUND,func_b025346db6f77189,
proto_b1e89da4dcb0966b,sample_files/sudo/plugins/sudoers/visudo.c,install_sudoers,FOUND,func_b4e0a26904a8fb05,
proto_a5afd91c8d2cff81,sample_files/sudo/plugins/sudoers/visudo.c,print_unused,FOUND,func_e66e7771c25f9c81,
proto_3f85ebb3895f1265,sample_files/sudo/plugins/sudoers/visudo.c,reparse_sudoers,FOUND,func_36e0afdec5069687,
proto_1b8f7c220b75b0a4,sample_files/sudo/plugins/sudoers/visudo.c,run_command,FOUND,func_5c6ad7b05fd7924b,
proto_c7d1415a2541e05e,sample_files/sudo/plugins/sudoers/visudo.c,parse_sudoers_options,ALREADY_SET,func_fb706a4600a38ade,
proto_13ba62c66a3e52cf,sample_files/sudo/plugins/sudoers/visudo.c,setup_signals,ALREADY_SET,func_f6d513604e19815f,
proto_61e1f046579f82f2,sample_files/sudo/plugins/sudoers/visudo.c,help,ALREADY_SET,func_47a91e3467abee98,
proto_d76771039a02ceba,sample_files/sudo/plugins/sudoers/visudo.c,usage,FOUND,func_22082380ad4bb9d5,
proto_3ae868ee81b12312,sample_files/sudo/plugins/sudoers/visudo.c,visudo_cleanup,ALREADY_SET,func_71009607382740e2,
proto_8666dedcfcf4dde4,sample_files/sudo/plugins/sudoers/visudo.c,export_sudoers,NOT_FOUND,,実装が見つかりません
proto_938da3d502719a1a,sample_files/sudo/plugins/sudoers/visudo.c,sudoerserror,NOT_FOUND,,実装が見つかりません
proto_9bd91b6be0910206,sample_files/sudo/plugins/sudoers/visudo.c,sudoersrestart,WARNING,,no implementation found in warnings
proto_615c4b9a3ce557fa,sample_files/sudo/plugins/sudoers/visudo.c,main,FOUND,func_e38d4847fdebe21c,
proto_91f46148088ef4af,sample_files/sudo/plugins/sudoers/check.h,timestamp_close,ALREADY_SET,func_55fc646ae021cb4b,
proto_44f5422dd9a951ca,sample_files/sudo/plugins/sudoers/check.h,timestamp_lock,ALREADY_SET,func_fd661e8c563895cc,
proto_c3719236ad81f1d4,sample_files/sudo/plugins/sudoers/check.h,timestamp_update,ALREADY_SET,func_2f99fa570d5f3f45,
proto_a0e8516961d78b8e,sample_files/sudo/plugins/sudoers/check.h,timestamp_status,ALREADY_SET,func_509fad4a3003c038,
proto_b83cc08eb1fc7bbb,sample_files/sudo/plugins/sudoers/check.h,already_lectured,NOT_FOUND,,実装が見つかりません
proto_2cda8d044d4a8763,sample_files/sudo/plugins/sudoers/check.h,set_lectured,ALREADY_SET,func_92363b7be44690c7,
proto_4a8f5109dda00015,sample_files/sudo/plugins/sudoers/linux_audit.h,linux_audit_command,ALREADY_SET,func_55c1f47b546e9545,
proto_cfbdb4aab8e93235,sample_files/sudo/plugins/sudoers/tsgetgrpw.c,setgrfile,FOUND,func_64d352d860fc854f,
proto_e77317caf36367fe,sample_files/sudo/plugins/sudoers/tsgetgrpw.c,setgrent,ALREADY_SET,func_fd4fb1cdec82727e,
proto_28413efe41de24d9,sample_files/sudo/plugins/sudoers/tsgetgrpw.c,endgrent,ALREADY_SET,func_13f00fed76dae727,
proto_2a9f5fc7dc1e70c0,sample_files/sudo/plugins/sudoers/tsgetgrpw.c,setpwfile,FOUND,func_7c96af97cbd2deec,
proto_d6a34ce36cceb594,sample_files/sudo/plugins/sudoers/tsgetgrpw.c,setpwent,ALREADY_SET,func_b6f9d22d2c496b79,
proto_8884fa176e6fc4c3,sample_files/sudo/plugins/sudoers/tsgetgrpw.c,endpwent,ALREADY_SET,func_d7c3c4dea7f8ea70,
proto_95068b6854ac6747,sample_files/sudo/plugins/sudoers/ldap.c,ldapssl_set_strength,WARNING,,no implementation found in warnings
proto_e8a49595506ef0cf,sample_files/sudo/plugins/sudoers/ldap.c,sudo_ldap_open,ALREADY_SET,func_9ae5318198300ae7,
proto_94c7f030ea3f17f4,sample_files/sudo/plugins/sudoers/ldap.c,sudo_ldap_close,ALREADY_SET,func_1b367eb010575a8b,
proto_57939ba2dbf80883,sample_files/sudo/plugins/sudoers/ldap.c,sudo_ldap_parse,ALREADY_SET,func_e7309e26012bb959,
proto_c909933c32572a69,sample_files/sudo/plugins/sudoers/ldap.c,sudo_ldap_setdefs,ALREADY_SET,func_5c97f638c5d9a4c0,
proto_d860a5bae537d2bf,sample_files/sudo/plugins/sudoers/ldap.c,sudo_ldap_lookup,ALREADY_SET,func_5379a12c6f06dd74,
proto_8c9d93449efdf92,sample_files/sudo/plugins/sudoers/ldap.c,sudo_ldap_display_cmnd,ALREADY_SET,func_1228d8722de88899,
proto_38db84dd45eb5032,sample_files/sudo/plugins/sudoers/ldap.c,sudo_ldap_display_defaults,ALREADY_SET,func_e8d06b91c42f85a3,
proto_760ad07559841c5a,sample_files/sudo/plugins/sudoers/ldap.c,sudo_ldap_display_bound_defaults,FOUND,func_92171e47f7bc6fec,
proto_fedb2227ac996f18,sample_files/sudo/plugins/sudoers/ldap.c,sudo_ldap_display_privs,ALREADY_SET,func_327ec0b1d4ac920f,
proto_b2d28f5990478752,sample_files/sudo/plugins/sudoers/defaults.h,dump_default,WARNING,,no implementation found in warnings
proto_4683c31ddf9e37b9,sample_files/sudo/plugins/sudoers/defaults.h,init_defaults,ALREADY_SET,func_fcbe34ea17e11409,
proto_711233c133b5dce5,sample_files/sudo/plugins/sudoers/defaults.h,set_default,ALREADY_SET,func_3871361647414018,
proto_83eed5093a742b9c,sample_files/sudo/plugins/sudoers/defaults.h,update_defaults,ALREADY_SET,func_bd693f32467db960,
proto_7ad1278e33763635,sample_files/sudo/plugins/sudoers/defaults.h,check_defaults,ALREADY_SET,func_d8477629f4e32022,
proto_b43699f7fb618776,sample_files/sudo/plugins/sudoers/parse.c,display_bound_defaults,ALREADY_SET,func_c92f6b7ceaeda6e0,
proto_89bb8ecf7a300389,sample_files/sudo/plugins/sudoers/parse.c,sudo_file_close,FOUND,func_306b09d5574ea65f,
proto_7b7df53e42c40b7e,sample_files/sudo/plugins/sudoers/parse.c,sudo_file_display_bound_defaults,FOUND,func_1c6e89176c4f6aee,
proto_e87d60c94fc57da2,sample_files/sudo/plugins/sudoers/parse.c,sudo_file_display_cmnd,FOUND,func_1c0f6a18492f6349,
proto_8e24425ba57ccc4,sample_files/sudo/plugins/sudoers/parse.c,sudo_file_display_defaults,FOUND,func_a0898da3217b5b01,
proto_867684b41042d581,sample_files/sudo/plugins/sudoers/parse.c,sudo_file_display_privs,FOUND,func_eb460918e5de6c83,
proto_76e47e5cc5c84b29,sample_files/sudo/plugins/sudoers/parse.c,sudo_file_lookup,FOUND,func_a9a76f91856149db,
proto_9e5c8443f7eb1ee4,sample_files/sudo/plugins/sudoers/parse.c,sudo_file_open,FOUND,func_185a6dbd52af4683,
proto_f5f47b489879b7a5,sample_files/sudo/plugins/sudoers/parse.c,sudo_file_parse,FOUND,func_71e933312ccaa37a,
proto_74656ce32b22a158,sample_files/sudo/plugins/sudoers/parse.c,sudo_file_setdefs,FOUND,func_8bf3c38ada1391d4,
proto_9985678ee9a22a33,sample_files/sudo/plugins/sudoers/parse.c,print_member,ALREADY_SET,func_e55ffe00591f575f,
proto_67b97906dec5fdad,sample_files/sudo/plugins/sudoers/parse.c,print_member_sep,FOUND,func_c8969837a380e9c4,
proto_a7ecf4c24696f9ce,sample_files/sudo/plugins/sudoers/solaris_audit.h,solaris_audit_success,ALREADY_SET,func_a87a46931fa3d9e6,
proto_2ef57287fbc42068,sample_files/sudo/plugins/sudoers/solaris_audit.h,solaris_audit_failure,NOT_FOUND,,実装が見つかりません
proto_62a639bcf43a9746,sample_files/sudo/plugins/sudoers/toke.h,append,NOT_FOUND,,実装が見つかりません
proto_a9e4e714edcfe01c,sample_files/sudo/plugins/sudoers/toke.h,fill_args,NOT_FOUND,,実装が見つかりません
proto_a750d3d88fedd66b,sample_files/sudo/plugins/sudoers/toke.h,fill_cmnd,NOT_FOUND,,実装が見つかりません
proto_9af07a7959a18006,sample_files/sudo/plugins/sudoers/toke.h,fill_txt,NOT_FOUND,,実装が見つかりません
proto_9abbe7b4ef251c86,sample_files/sudo/plugins/sudoers/toke.h,ipv6_valid,ALREADY_SET,func_cab5a81eb4fcc8d1,
proto_baf3572d8dd6346e,sample_files/sudo/plugins/sudoers/toke.h,sudoers_trace_print,ALREADY_SET,func_37c0ef3c3059981d,
proto_518626fd539b2d55,sample_files/sudo/plugins/sudoers/toke.h,sudoerserror,NOT_FOUND,,実装が見つかりません
proto_bebb8dd930ec3c72,sample_files/sudo/plugins/sudoers/pwutil_impl.c,getgrouplist_2,WARNING,,no implementation found in warnings
proto_8c4535fe017d9521,sample_files/sudo/plugins/sudoers/logging.c,do_syslog,FOUND,func_df378066095d33d1,
proto_2010ba6b2b38230a,sample_files/sudo/plugins/sudoers/logging.c,do_logfile,FOUND,func_e012ff454921c1f4,
proto_31bc04f1fdf6d0e8,sample_files/sudo/plugins/sudoers/logging.c,send_mail,ALREADY_SET,func_9f170e3905becd0f,
proto_179d6529e5b8ce89,sample_files/sudo/plugins/sudoers/logging.c,should_mail,FOUND,func_abf019cf3142d44d,
proto_787f404aaf0fa552,sample_files/sudo/plugins/sudoers/logging.c,mysyslog,FOUND,func_b106dca77204b1c1,
proto_802cd4064b8943ad,sample_files/sudo/plugins/sudoers/testsudoers.c,print_alias,FOUND,func_f2503bad51cd37f2,
proto_c4ec642cd95b149,sample_files/sudo/plugins/sudoers/testsudoers.c,dump_sudoers,ALREADY_SET,func_d6fbbecfaf4366f2,
proto_42dbc6a6c3503bc4,sample_files/sudo/plugins/sudoers/testsudoers.c,print_defaults,ALREADY_SET,func_8b644272c2ea9168,
proto_580f9baa2b252152,sample_files/sudo/plugins/sudoers/testsudoers.c,print_privilege,FOUND,func_2596e9dfb56398f2,
proto_549c8c174ab725ac,sample_files/sudo/plugins/sudoers/testsudoers.c,print_userspecs,ALREADY_SET,func_39df243a9cb33a54,
proto_996b1e5f94f0015b,sample_files/sudo/plugins/sudoers/testsudoers.c,usage,ALREADY_SET,func_5b60a789eba53de6,
proto_531198cd1554ea9b,sample_files/sudo/plugins/sudoers/testsudoers.c,set_runaspw,FOUND,func_795bd4f99a910857,
proto_9f50dd785e6545b3,sample_files/sudo/plugins/sudoers/testsudoers.c,set_runasgr,FOUND,func_b2d60e1065deab8d,
proto_86f5b457701b968,sample_files/sudo/plugins/sudoers/testsudoers.c,cb_runas_default,FOUND,func_55ef769b3729fa4b,
proto_5078eb96abc15f2d,sample_files/sudo/plugins/sudoers/testsudoers.c,testsudoers_print,ALREADY_SET,func_f816bdcbea9bd50d,
proto_76514620fbf8b862,sample_files/sudo/plugins/sudoers/testsudoers.c,setgrfile,NOT_FOUND,,実装が見つかりません
proto_17a8b9a967ff6945,sample_files/sudo/plugins/sudoers/testsudoers.c,setgrent,ALREADY_SET,func_fd4fb1cdec82727e,
proto_8c45cffda3c1f83d,sample_files/sudo/plugins/sudoers/testsudoers.c,endgrent,ALREADY_SET,func_13f00fed76dae727,
proto_78f63d686a8e36f8,sample_files/sudo/plugins/sudoers/testsudoers.c,setpwfile,NOT_FOUND,,実装が見つかりません
proto_5540011bd6b3beb4,sample_files/sudo/plugins/sudoers/testsudoers.c,setpwent,ALREADY_SET,func_b6f9d22d2c496b79,
proto_9cbd30142a7f8696,sample_files/sudo/plugins/sudoers/testsudoers.c,endpwent,ALREADY_SET,func_d7c3c4dea7f8ea70,
proto_81103d35c1bc9f25,sample_files/sudo/plugins/sudoers/testsudoers.c,main,FOUND,func_557ecc3a553dee0a,
proto_ac2ba7d1bdbaaad4,sample_files/sudo/include/compat/getaddrinfo.h,sudo_getaddrinfo,NOT_FOUND,,実装が見つかりません
proto_8a58af11a5b56af9,sample_files/sudo/include/compat/getaddrinfo.h,sudo_freeaddrinfo,NOT_FOUND,,実装が見つかりません
proto_ea8a038b0b4b89a7,sample_files/sudo/include/compat/getopt.h,sudo_getopt_long,NOT_FOUND,,実装が見つかりません
proto_5f7e4e1c01da220a,sample_files/sudo/include/compat/getopt.h,sudo_getopt_long_only,NOT_FOUND,,実装が見つかりません
proto_66d15cf79b483b16,sample_files/sudo/include/compat/getopt.h,sudo_getopt,NOT_FOUND,,実装が見つかりません
proto_f42dc50ac3ed1336,sample_files/sudo/include/compat/fnmatch.h,sudo_fnmatch,NOT_FOUND,,実装が見つかりません
proto_48873d515d2a07c9,sample_files/sudo/include/compat/sha2.h,sudo_SHA224Init,WARNING,,no implementation found in warnings
proto_1e024b028f6f3284,sample_files/sudo/include/compat/sha2.h,sudo_SHA224Pad,WARNING,,no implementation found in warnings
proto_6bd4c57183b4d8d3,sample_files/sudo/include/compat/sha2.h,sudo_SHA224Transform,WARNING,,no implementation found in warnings
proto_a65e6ab5c420a6fb,sample_files/sudo/include/compat/sha2.h,sudo_SHA224Update,WARNING,,no implementation found in warnings
proto_8c13eb49b3dcfbe2,sample_files/sudo/include/compat/sha2.h,sudo_SHA224Final,WARNING,,no implementation found in warnings
proto_98d3e131417d2782,sample_files/sudo/include/compat/sha2.h,sudo_SHA256Init,WARNING,,no implementation found in warnings
proto_77656e51b94a6082,sample_files/sudo/include/compat/sha2.h,sudo_SHA256Pad,WARNING,,no implementation found in warnings
proto_9620c07867e953bb,sample_files/sudo/include/compat/sha2.h,sudo_SHA256Transform,WARNING,,no implementation found in warnings
proto_f873c3d3068fdc32,sample_files/sudo/include/compat/sha2.h,sudo_SHA256Update,WARNING,,no implementation found in warnings
proto_dd2f5cb6a283bfee,sample_files/sudo/include/compat/sha2.h,sudo_SHA256Final,WARNING,,no implementation found in warnings
proto_5df1497e37420e76,sample_files/sudo/include/compat/sha2.h,sudo_SHA384Init,WARNING,,no implementation found in warnings
proto_f892c426019ffa0a,sample_files/sudo/include/compat/sha2.h,sudo_SHA384Pad,WARNING,,no implementation found in warnings
proto_5a969ee1f8ec1f09,sample_files/sudo/include/compat/sha2.h,sudo_SHA384Transform,WARNING,,no implementation found in warnings
proto_7a7d25902abd1629,sample_files/sudo/include/compat/sha2.h,sudo_SHA384Update,WARNING,,no implementation found in warnings
proto_4f99670f8e1cf45b,sample_files/sudo/include/compat/sha2.h,sudo_SHA384Final,WARNING,,no implementation found in warnings
proto_ce7e9e21ac643f3,sample_files/sudo/include/compat/sha2.h,sudo_SHA512Init,WARNING,,no implementation found in warnings
proto_1a204aea6dcae884,sample_files/sudo/include/compat/sha2.h,sudo_SHA512Pad,WARNING,,no implementation found in warnings
proto_847d56299011487b,sample_files/sudo/include/compat/sha2.h,sudo_SHA512Transform,WARNING,,no implementation found in warnings
proto_b5d59d977bb525cc,sample_files/sudo/include/compat/sha2.h,sudo_SHA512Update,WARNING,,no implementation found in warnings
proto_7a11d55170923283,sample_files/sudo/include/compat/sha2.h,sudo_SHA512Final,WARNING,,no implementation found in warnings
proto_c2342faa3ff1541a,sample_files/sudo/include/compat/nss_dbdefs.h,nss_search,WARNING,,no implementation found in warnings
proto_4f28ac732c3080,sample_files/sudo/include/compat/nss_dbdefs.h,_nss_XbyY_buf_free,WARNING,,no implementation found in warnings
proto_bd0068096150917c,sample_files/sudo/include/compat/glob.h,sudo_glob,NOT_FOUND,,実装が見つかりません
proto_4918d559c51ebf7c,sample_files/sudo/include/compat/glob.h,sudo_globfree,NOT_FOUND,,実装が見つかりません
proto_14e1c29f6307a8c8,sample_files/sudo/include/sudo_compat.h,isblank,NOT_FOUND,,実装が見つかりません
proto_db52a6aa526d43ef,sample_files/sudo/include/sudo_compat.h,setresuid,WARNING,,no implementation found in warnings
proto_6cc6c3e5128ef844,sample_files/sudo/include/sudo_compat.h,setresgid,WARNING,,no implementation found in warnings
proto_8e990e8f4aec38a,sample_files/sudo/include/sudo_compat.h,getresuid,WARNING,,no implementation found in warnings
proto_3a598d9ac8b0fcf2,sample_files/sudo/include/sudo_compat.h,getresgid,WARNING,,no implementation found in warnings
proto_56f06e489764d3b7,sample_files/sudo/include/sudo_compat.h,innetgr,WARNING,,no implementation found in warnings
proto_6a9e5f6914855c4d,sample_files/sudo/include/sudo_compat.h,_innetgr,WARNING,,no implementation found in warnings
proto_bc790b441ca0e586,sample_files/sudo/include/sudo_compat.h,getdomainname,WARNING,,no implementation found in warnings
proto_c3b8825870a4e163,sample_files/sudo/include/sudo_compat.h,sudo_strtonum,NOT_FOUND,,実装が見つかりません
proto_a907dc409dbf2f56,sample_files/sudo/include/sudo_compat.h,sudo_closefrom,NOT_FOUND,,実装が見つかりません
proto_947fd0e82a9c79e2,sample_files/sudo/include/sudo_compat.h,sudo_getgrouplist,NOT_FOUND,,実装が見つかりません
proto_98200b8487f2046d,sample_files/sudo/include/sudo_compat.h,sudo_getline,NOT_FOUND,,実装が見つかりません
proto_ac698491804eebb8,sample_files/sudo/include/sudo_compat.h,sudo_utimensat,NOT_FOUND,,実装が見つかりません
proto_3def63792aea76a3,sample_files/sudo/include/sudo_compat.h,sudo_futimens,NOT_FOUND,,実装が見つかりません
proto_69481f790f09a47b,sample_files/sudo/include/sudo_compat.h,sudo_strlcat,NOT_FOUND,,実装が見つかりません
proto_1f9c4caa00b5d9d1,sample_files/sudo/include/sudo_compat.h,sudo_strlcpy,NOT_FOUND,,実装が見つかりません
proto_67f0002bffd63879,sample_files/sudo/include/sudo_compat.h,sudo_strnlen,NOT_FOUND,,実装が見つかりません
proto_67373520769fb314,sample_files/sudo/include/sudo_compat.h,sudo_memset_s,NOT_FOUND,,実装が見つかりません
proto_666d552bd89a008,sample_files/sudo/include/sudo_compat.h,sudo_mkstemps,NOT_FOUND,,実装が見つかりません
proto_c6eddd4b43ee17e4,sample_files/sudo/include/sudo_compat.h,sudo_sig2str,NOT_FOUND,,実装が見つかりません
proto_4657999bef12d654,sample_files/sudo/include/sudo_compat.h,sudo_inet_pton,NOT_FOUND,,実装が見つかりません
proto_1f9ac16a913580c3,sample_files/sudo/include/sudo_conf.h,sudo_conf_read_v1,NOT_FOUND,,実装が見つかりません
proto_3b28bd86e0d4a4f9,sample_files/sudo/include/sudo_conf.h,sudo_conf_disable_coredump_v1,NOT_FOUND,,実装が見つかりません
proto_c008c3a7da79f0dc,sample_files/sudo/include/sudo_conf.h,sudo_conf_probe_interfaces_v1,NOT_FOUND,,実装が見つかりません
proto_d393a6ae1fdcb3e1,sample_files/sudo/include/sudo_conf.h,sudo_conf_group_source_v1,NOT_FOUND,,実装が見つかりません
proto_a5c8d5cba518cfba,sample_files/sudo/include/sudo_conf.h,sudo_conf_max_groups_v1,NOT_FOUND,,実装が見つかりません
proto_9f5c38d3e5ee8885,sample_files/sudo/include/sudo_fatal.h,sudo_fatal_callback_deregister_v1,NOT_FOUND,,実装が見つかりません
proto_c587e9c2c5eec42d,sample_files/sudo/include/sudo_fatal.h,sudo_fatal_callback_register_v1,NOT_FOUND,,実装が見つかりません
proto_512db4e0cc416dff,sample_files/sudo/include/sudo_fatal.h,sudo_warn_set_locale_func_v1,NOT_FOUND,,実装が見つかりません
proto_ed41f15b95c3323d,sample_files/sudo/include/sudo_fatal.h,sudo_warn_set_conversation_v1,NOT_FOUND,,実装が見つかりません
proto_2f1d6e4fd87c88ff,sample_files/sudo/include/sudo_event.h,sudo_ev_base_free_v1,NOT_FOUND,,実装が見つかりません
proto_cfda0cfe7a8280aa,sample_files/sudo/include/sudo_event.h,sudo_ev_free_v1,NOT_FOUND,,実装が見つかりません
proto_c7b44c3e5bfaf98d,sample_files/sudo/include/sudo_event.h,sudo_ev_add_v1,NOT_FOUND,,実装が見つかりません
proto_4b9ce480dfae21eb,sample_files/sudo/include/sudo_event.h,sudo_ev_del_v1,NOT_FOUND,,実装が見つかりません
proto_2c0b60d5e7d1d535,sample_files/sudo/include/sudo_event.h,sudo_ev_loop_v1,NOT_FOUND,,実装が見つかりません
proto_acb4c3dbff28f5a7,sample_files/sudo/include/sudo_event.h,sudo_ev_get_timeleft_v1,NOT_FOUND,,実装が見つかりません
proto_a7a959d78078820a,sample_files/sudo/include/sudo_event.h,sudo_ev_loopexit_v1,NOT_FOUND,,実装が見つかりません
proto_891b208177c02a6,sample_files/sudo/include/sudo_event.h,sudo_ev_loopbreak_v1,NOT_FOUND,,実装が見つかりません
proto_81b116ec7e68a1a7,sample_files/sudo/include/sudo_event.h,sudo_ev_loopcontinue_v1,NOT_FOUND,,実装が見つかりません
proto_b169174c052dd2c6,sample_files/sudo/include/sudo_event.h,sudo_ev_got_exit_v1,NOT_FOUND,,実装が見つかりません
proto_8e6390d32e31133c,sample_files/sudo/include/sudo_event.h,sudo_ev_got_break_v1,NOT_FOUND,,実装が見つかりません
proto_5ac2d8e9c776d2d5,sample_files/sudo/include/sudo_event.h,sudo_ev_activate,ALREADY_SET,func_a0f8ff30043502e7,
proto_2f5fae31672d5a0c,sample_files/sudo/include/sudo_event.h,sudo_ev_base_alloc_impl,ALREADY_SET,func_afde4c2a9696b274,
proto_14d95cf4fee41cb3,sample_files/sudo/include/sudo_event.h,sudo_ev_base_free_impl,ALREADY_SET,func_dd768c3aa0f0203,
proto_894ab8f02f8a1cbc,sample_files/sudo/include/sudo_event.h,sudo_ev_add_impl,ALREADY_SET,func_b6542ea589f844af,
proto_bde2c67beaed03e5,sample_files/sudo/include/sudo_event.h,sudo_ev_del_impl,ALREADY_SET,func_5443928e44558777,
proto_abee7e4a0c4ad0ee,sample_files/sudo/include/sudo_event.h,sudo_ev_scan_impl,ALREADY_SET,func_2ac6a6dfa1115ef7,
proto_55b4975a97da6c5d,sample_files/sudo/include/sudo_util.h,aix_getauthregistry_v1,NOT_FOUND,,実装が見つかりません
proto_a8c83c114dea8977,sample_files/sudo/include/sudo_util.h,aix_prep_user_v1,NOT_FOUND,,実装が見つかりません
proto_ef2c54a9a5e5951c,sample_files/sudo/include/sudo_util.h,aix_restoreauthdb_v1,NOT_FOUND,,実装が見つかりません
proto_6bc8d70d8934731a,sample_files/sudo/include/sudo_util.h,aix_setauthdb_v1,NOT_FOUND,,実装が見つかりません
proto_67d74afda7352abd,sample_files/sudo/include/sudo_util.h,aix_setauthdb_v2,NOT_FOUND,,実装が見つかりません
proto_379423dc209f7d6b,sample_files/sudo/include/sudo_util.h,sudo_gettime_mono_v1,NOT_FOUND,,実装が見つかりません
proto_87b30716570e3daa,sample_files/sudo/include/sudo_util.h,sudo_gettime_real_v1,NOT_FOUND,,実装が見つかりません
proto_5c15b581654a17ab,sample_files/sudo/include/sudo_util.h,sudo_parse_gids_v1,NOT_FOUND,,実装が見つかりません
proto_75ef9f9ad78df381,sample_files/sudo/include/sudo_util.h,sudo_lock_file_v1,NOT_FOUND,,実装が見つかりません
proto_8e6ad96967e6b2d0,sample_files/sudo/include/sudo_util.h,sudo_lock_region_v1,NOT_FOUND,,実装が見つかりません
proto_bf142e80172da37b,sample_files/sudo/include/sudo_util.h,sudo_parseln_v1,NOT_FOUND,,実装が見つかりません
proto_14ae18ca86b3f527,sample_files/sudo/include/sudo_util.h,initprogname,NOT_FOUND,,実装が見つかりません
proto_a447fb450568207b,sample_files/sudo/include/sudo_util.h,sudo_secure_dir_v1,NOT_FOUND,,実装が見つかりません
proto_bee83dd6a59cb45e,sample_files/sudo/include/sudo_util.h,sudo_secure_file_v1,NOT_FOUND,,実装が見つかりません
proto_8864d015eefbea2b,sample_files/sudo/include/sudo_util.h,sudo_setgroups_v1,NOT_FOUND,,実装が見つかりません
proto_8c6b20ef8ba72abc,sample_files/sudo/include/sudo_util.h,sudo_strtobool_v1,NOT_FOUND,,実装が見つかりません
proto_f86bda70a3c87e09,sample_files/sudo/include/sudo_util.h,sudo_strtoid_v1,NOT_FOUND,,実装が見つかりません
proto_df2832af5b925f2a,sample_files/sudo/include/sudo_util.h,sudo_strtomode_v1,NOT_FOUND,,実装が見つかりません
proto_94f928d572d1b56,sample_files/sudo/include/sudo_util.h,sudo_term_cbreak_v1,NOT_FOUND,,実装が見つかりません
proto_d3fe1b0ac21ec1a6,sample_files/sudo/include/sudo_util.h,sudo_term_copy_v1,NOT_FOUND,,実装が見つかりません
proto_e497452e097f32f9,sample_files/sudo/include/sudo_util.h,sudo_term_noecho_v1,NOT_FOUND,,実装が見つかりません
proto_e4016510ad3aba67,sample_files/sudo/include/sudo_util.h,sudo_term_raw_v1,NOT_FOUND,,実装が見つかりません
proto_3eeaa52e66848ac6,sample_files/sudo/include/sudo_util.h,sudo_term_restore_v1,NOT_FOUND,,実装が見つかりません
proto_69914e27732a1ecd,sample_files/sudo/include/sudo_util.h,sudo_get_ttysize_v1,NOT_FOUND,,実装が見つかりません
proto_e5101aa018bd980e,sample_files/sudo/include/sudo_debug.h,sudo_debug_deregister_v1,NOT_FOUND,,実装が見つかりません
proto_b473e0656339fd76,sample_files/sudo/include/sudo_debug.h,sudo_debug_enter_v1,NOT_FOUND,,実装が見つかりません
proto_197c4c076b092752,sample_files/sudo/include/sudo_debug.h,sudo_debug_execve2_v1,NOT_FOUND,,実装が見つかりません
proto_4467dce010cf4d41,sample_files/sudo/include/sudo_debug.h,sudo_debug_exit_v1,NOT_FOUND,,実装が見つかりません
proto_9e7714bdc4cb98eb,sample_files/sudo/include/sudo_debug.h,sudo_debug_exit_bool_v1,NOT_FOUND,,実装が見つかりません
proto_5d5f62f105f062ff,sample_files/sudo/include/sudo_debug.h,sudo_debug_exit_int_v1,NOT_FOUND,,実装が見つかりません
proto_5ae3ea6f0921b370,sample_files/sudo/include/sudo_debug.h,sudo_debug_exit_long_v1,NOT_FOUND,,実装が見つかりません
proto_4798a1955204b3b7,sample_files/sudo/include/sudo_debug.h,sudo_debug_exit_ptr_v1,NOT_FOUND,,実装が見つかりません
proto_ee9128fc31e7c635,sample_files/sudo/include/sudo_debug.h,sudo_debug_exit_size_t_v1,NOT_FOUND,,実装が見つかりません
proto_482a871bfec83479,sample_files/sudo/include/sudo_debug.h,sudo_debug_exit_ssize_t_v1,NOT_FOUND,,実装が見つかりません
proto_98479e9562b97afb,sample_files/sudo/include/sudo_debug.h,sudo_debug_exit_str_v1,NOT_FOUND,,実装が見つかりません
proto_c5f1e428201b9c06,sample_files/sudo/include/sudo_debug.h,sudo_debug_exit_str_masked_v1,NOT_FOUND,,実装が見つかりません
proto_302d56e2b680ae14,sample_files/sudo/include/sudo_debug.h,sudo_debug_fork_v1,NOT_FOUND,,実装が見つかりません
proto_ae8c5ba3bcc28434,sample_files/sudo/include/sudo_debug.h,sudo_debug_get_active_instance_v1,NOT_FOUND,,実装が見つかりません
proto_807a54e1a0669fa5,sample_files/sudo/include/sudo_debug.h,sudo_debug_get_fds_v1,NOT_FOUND,,実装が見つかりません
proto_d9051444a64712e0,sample_files/sudo/include/sudo_debug.h,sudo_debug_get_instance_v1,NOT_FOUND,,実装が見つかりません
proto_14b2e50d463047d5,sample_files/sudo/include/sudo_debug.h,sudo_debug_register_v1,NOT_FOUND,,実装が見つかりません
proto_59f73aec620302df,sample_files/sudo/include/sudo_debug.h,sudo_debug_set_active_instance_v1,NOT_FOUND,,実装が見つかりません
proto_a3fcea596a79ad82,sample_files/sudo/include/sudo_debug.h,sudo_debug_update_fd_v1,NOT_FOUND,,実装が見つかりません
proto_b1f61b088e136d0e,sample_files/sudo/include/sudo_debug.h,sudo_debug_write2_v1,NOT_FOUND,,実装が見つかりません
proto_ea128ecb84f1636,sample_files/sudo/include/sudo_lbuf.h,sudo_lbuf_init_v1,NOT_FOUND,,実装が見つかりません
proto_6d8389fa2a9e1f1b,sample_files/sudo/include/sudo_lbuf.h,sudo_lbuf_destroy_v1,NOT_FOUND,,実装が見つかりません
proto_51f53bbc37432f99,sample_files/sudo/include/sudo_lbuf.h,sudo_lbuf_print_v1,NOT_FOUND,,実装が見つかりません
proto_b0ea07b95a049ade,sample_files/sudo/include/sudo_lbuf.h,sudo_lbuf_error_v1,NOT_FOUND,,実装が見つかりません
proto_cd44291eedc67ee5,sample_files/sudo/include/sudo_lbuf.h,sudo_lbuf_clearerr_v1,NOT_FOUND,,実装が見つかりません
proto_cd86750c0114610,sample_files/sudo/include/sudo_dso.h,sudo_dso_unload_v1,NOT_FOUND,,実装が見つかりません
proto_b6bd99c1a2e5f260,sample_files/sudo/include/sudo_dso.h,sudo_dso_preload_table_v1,NOT_FOUND,,実装が見つかりません
proto_2bce1ab853a2bcda,sample_files/sudo/lib/util/getopt_long.c,getopt_internal,FOUND,func_d68cbb792794774b,
proto_5eac83f5d3f02ec9,sample_files/sudo/lib/util/getopt_long.c,parse_long_options,FOUND,func_97e47eccb9bdd304,
proto_f0ffe37881725fce,sample_files/sudo/lib/util/getopt_long.c,gcd,FOUND,func_9653af88756eba34,
proto_d8bfe0b36c59c58a,sample_files/sudo/lib/util/getopt_long.c,permute_args,FOUND,func_fa0a822736a899f8,
proto_e3b985378d361da1,sample_files/sudo/lib/util/regress/sudo_parseln/parseln_test.c,main,FOUND,func_15614da23c0c41ac,
proto_6d2941a6a71eaa74,sample_files/sudo/lib/util/regress/progname/progname_test.c,main,FOUND,func_def24e0800e28668,
proto_434b3cc925236e99,sample_files/sudo/lib/util/regress/tailq/hltq_test.c,main,FOUND,func_5732eded45a33f12,
proto_597fe7f890b20dcf,sample_files/sudo/lib/util/regress/strsplit/strsplit_test.c,main,FOUND,func_cbfc86f3d0b2dbb8,
proto_3ded56f2e4317588,sample_files/sudo/lib/util/regress/fnmatch/fnm_test.c,main,FOUND,func_5d102b1f9f2d945d,
proto_9c756d93d9e59bbd,sample_files/sudo/lib/util/regress/mktemp/mktemp_test.c,main,FOUND,func_c9e0feb983081f5a,
proto_cf1d4be7765ca8f2,sample_files/sudo/lib/util/regress/parse_gids/parse_gids_test.c,main,FOUND,func_50346db40e9457e0,
proto_1e5dcbafc9a5babb,sample_files/sudo/lib/util/regress/atofoo/atofoo_test.c,main,FOUND,func_53e78a393b8a216c,
proto_a75a1bd81551f5c9,sample_files/sudo/lib/util/regress/sudo_conf/conf_test.c,sudo_conf_dump,ALREADY_SET,func_69cfbf33b783b336,
proto_a712b7c2455e8078,sample_files/sudo/lib/util/regress/sudo_conf/conf_test.c,main,FOUND,func_c12cf0c27aed3bc9,
proto_b63de1e760f478f,sample_files/sudo/lib/util/regress/glob/globtest.c,test_glob,FOUND,func_37994eefdb8699d2,
proto_4229f56e7984688c,sample_files/sudo/lib/util/regress/glob/globtest.c,main,FOUND,func_9c5c45d7ba5d84e6,
proto_e6fa25743606d2b4,sample_files/sudo/lib/util/aix.c,setauthdb,WARNING,,no implementation found in warnings
proto_575a27c642397969,sample_files/sudo/lib/util/aix.c,getauthdb,WARNING,,no implementation found in warnings
proto_4552bebc6ac2f312,sample_files/sudo/lib/util/aix.c,usrinfo,WARNING,,no implementation found in warnings
proto_f45d19824bd25150,sample_files/sudo/lib/util/fatal.c,warning,ALREADY_SET,func_7a5e8419d8fb1529,
proto_e68472ccbe1bfef1,sample_files/sudo/lib/util/mksiglist.c,main,FOUND,func_3050c58d3bfca5bd,
proto_a33563a525e3aa51,sample_files/sudo/lib/util/glob.c,compare,FOUND,func_82c66972a7afb7e,
proto_fdb70676c930a6a6,sample_files/sudo/lib/util/glob.c,g_Ctoc,FOUND,func_d30202de52bf11e4,
proto_dd4f3a1922439c91,sample_files/sudo/lib/util/glob.c,g_lstat,FOUND,func_ed109597040c3a20,
proto_db1ca80dee03050e,sample_files/sudo/lib/util/glob.c,g_strncmp,FOUND,func_bb387c0e3395bda,
proto_2f95af22580f448f,sample_files/sudo/lib/util/glob.c,g_stat,FOUND,func_b17b1114d77aef6a,
proto_b2ed4ec7761ea2b3,sample_files/sudo/lib/util/glob.c,glob0,FOUND,func_bd5f5730f9befd41,
proto_d684548ed474f435,sample_files/sudo/lib/util/glob.c,glob1,FOUND,func_490cea7ae2152d56,
proto_14dfa2d00052e8f7,sample_files/sudo/lib/util/glob.c,glob2,FOUND,func_6483491d9bc19f5,
proto_4b789164b638db45,sample_files/sudo/lib/util/glob.c,glob3,FOUND,func_f6c341b6f1310008,
proto_b0ec50dcf3f07f36,sample_files/sudo/lib/util/glob.c,globextend,FOUND,func_4a9fee2bae5992e5,
proto_a4b340b5d56599f0,sample_files/sudo/lib/util/glob.c,globexp1,FOUND,func_8251efaaba0b9117,
proto_9eb8f06b9a3254de,sample_files/sudo/lib/util/glob.c,globexp2,FOUND,func_9445d785cef677c6,
proto_e238c4a32ef1e57d,sample_files/sudo/lib/util/glob.c,match,FOUND,func_f595561c651ce4ce,
proto_2a43e6666ff099eb,sample_files/sudo/lib/util/glob.c,qprintf,FOUND,func_a9cbe3831ed6974b,
proto_443a5ca8b95e5d2,sample_files/sudo/lib/util/getgrouplist.c,_nss_initf_group,ALREADY_SET,func_45aec8891b8baddd,
proto_254d7d22032aba02,sample_files/sudo/lib/util/snprintf.c,__find_arguments,ALREADY_SET,func_d6b1bcd0c1e2665f,
proto_79a68cfa2b602804,sample_files/sudo/lib/util/snprintf.c,__grow_type_table,ALREADY_SET,func_4acb1be03f17517e,
proto_46f72ccebe41e931,sample_files/sudo/lib/util/snprintf.c,xxxprintf,WARNING,,no implementation found in warnings
proto_556c985777c60dd0,sample_files/sudo/lib/util/snprintf.c,exponent,FOUND,func_71516f0921f1b03b,
proto_1f7a7985f0ff45a7,sample_files/sudo/lib/util/getaddrinfo.c,test_freeaddrinfo,WARNING,,no implementation found in warnings
proto_ab3dce6389885a5f,sample_files/sudo/lib/util/getaddrinfo.c,test_getaddrinfo,WARNING,,no implementation found in warnings
proto_910aca6719cb50e5,sample_files/sudo/lib/util/sudo_conf.c,parse_debug,ALREADY_SET,func_de4c2e392616c5c4,
proto_a620774c1add5177,sample_files/sudo/lib/util/sudo_conf.c,parse_path,ALREADY_SET,func_2fc76ba314eb185d,
proto_55661d5f7d6cec90,sample_files/sudo/lib/util/sudo_conf.c,parse_plugin,ALREADY_SET,func_54dfb544bc7363c8,
proto_72c2ffc1fb9d1431,sample_files/sudo/lib/util/sudo_conf.c,parse_variable,ALREADY_SET,func_59971a2acd768294,
proto_eda9aee54dbe1658,sample_files/sudo/lib/util/sudo_conf.c,set_var_disable_coredump,FOUND,func_527088000f847e36,
proto_20a6d2ed0e3fc5fc,sample_files/sudo/lib/util/sudo_conf.c,set_var_group_source,FOUND,func_9b23dc3ef117dc77,
proto_2701ac7a0b12c154,sample_files/sudo/lib/util/sudo_conf.c,set_var_max_groups,FOUND,func_cc8a274de7876b68,
proto_b4a094511190b074,sample_files/sudo/lib/util/sudo_conf.c,set_var_probe_interfaces,FOUND,func_a2827805a450bc70,
proto_4f3213e7195ab474,sample_files/sudo/lib/util/mksigname.c,main,FOUND,func_340ca68a059a10ad,
proto_40e3805d3992ca78,sample_files/sudo/lib/zlib/zutil.h,farfree,WARNING,,no implementation found in warnings
proto_34b98253c4a89dc6,sample_files/sudo/lib/zlib/zutil.h,OF,WARNING,,no implementation found in warnings
proto_59e5efbecf31a8f7,sample_files/sudo/lib/zlib/zutil.h,OF,WARNING,,no implementation found in warnings
proto_8eec507dc2492fe,sample_files/sudo/lib/zlib/zutil.h,OF,WARNING,,no implementation found in warnings
proto_76ae169d4aa59f61,sample_files/sudo/lib/zlib/zutil.h,OF,WARNING,,no implementation found in warnings
proto_721b84efe1ebb427,sample_files/sudo/lib/zlib/zutil.h,OF,WARNING,,no implementation found in warnings
proto_e332af61e8c6ea27,sample_files/sudo/lib/zlib/zutil.h,OF,WARNING,,no implementation found in warnings
proto_7f45f636042ab89f,sample_files/sudo/lib/zlib/inftrees.h,OF,WARNING,,no implementation found in warnings
proto_92596f2e9073e160,sample_files/sudo/lib/zlib/inflate.c,OF,WARNING,,no implementation found in warnings
proto_7bea28bb41ec12e,sample_files/sudo/lib/zlib/inflate.c,OF,WARNING,,no implementation found in warnings
proto_1ef0bda81eef201a,sample_files/sudo/lib/zlib/deflate.c,OF,WARNING,,no implementation found in warnings
proto_2990b2ba87229856,sample_files/sudo/lib/zlib/deflate.c,OF,WARNING,,no implementation found in warnings
proto_88a1cdb039555c3b,sample_files/sudo/lib/zlib/deflate.c,OF,WARNING,,no implementation found in warnings
proto_dd00566a72932d3d,sample_files/sudo/lib/zlib/deflate.c,OF,WARNING,,no implementation found in warnings
proto_d9739109253beb35,sample_files/sudo/lib/zlib/deflate.c,OF,WARNING,,no implementation found in warnings
proto_e5679840163c9abd,sample_files/sudo/lib/zlib/deflate.c,OF,WARNING,,no implementation found in warnings
proto_6af0d7ad6236739f,sample_files/sudo/lib/zlib/deflate.c,OF,WARNING,,no implementation found in warnings
proto_beb30d3e2774f649,sample_files/sudo/lib/zlib/deflate.c,OF,WARNING,,no implementation found in warnings
proto_21ade480ac0047a2,sample_files/sudo/lib/zlib/deflate.c,OF,WARNING,,no implementation found in warnings
proto_dc3f997bc6a15868,sample_files/sudo/lib/zlib/deflate.c,OF,WARNING,,no implementation found in warnings
proto_292cee8527f0391e,sample_files/sudo/lib/zlib/deflate.c,OF,WARNING,,no implementation found in warnings
proto_63753148417d3819,sample_files/sudo/lib/zlib/deflate.c,OF,WARNING,,no implementation found in warnings
proto_d060ee8e293b7bbc,sample_files/sudo/lib/zlib/deflate.c,UPDATE_HASH,WARNING,,no implementation found in warnings
proto_db9f18ce8900688d,sample_files/sudo/lib/zlib/gzread.c,OF,WARNING,,no implementation found in warnings
proto_273fe34a1cf1af3b,sample_files/sudo/lib/zlib/gzread.c,OF,WARNING,,no implementation found in warnings
proto_2e0d1f93de2d2ed9,sample_files/sudo/lib/zlib/gzread.c,OF,WARNING,,no implementation found in warnings
proto_2eb7966d8eb1c38d,sample_files/sudo/lib/zlib/gzread.c,OF,WARNING,,no implementation found in warnings
proto_8d4be00783375254,sample_files/sudo/lib/zlib/gzread.c,OF,WARNING,,no implementation found in warnings
proto_656225d141eb1e50,sample_files/sudo/lib/zlib/gzread.c,OF,WARNING,,no implementation found in warnings
proto_796d89eb607ccb68,sample_files/sudo/lib/zlib/inffast.h,OF,WARNING,,no implementation found in warnings
proto_7c5697b5a2b7eb40,sample_files/sudo/lib/zlib/crc32.c,OF,WARNING,,no implementation found in warnings
proto_382977c4b6bebc4e,sample_files/sudo/lib/zlib/crc32.c,OF,WARNING,,no implementation found in warnings
proto_f0827c08aad8a69d,sample_files/sudo/lib/zlib/crc32.c,OF,WARNING,,no implementation found in warnings
proto_8f51926203a9153c,sample_files/sudo/lib/zlib/crc32.c,OF,WARNING,,no implementation found in warnings
proto_75c5b714b1b1dfa6,sample_files/sudo/lib/zlib/infback.c,OF,WARNING,,no implementation found in warnings
proto_733315689ab4cde9,sample_files/sudo/lib/zlib/deflate.h,OF,WARNING,,no implementation found in warnings
proto_e43aecbcd20a9236,sample_files/sudo/lib/zlib/deflate.h,OF,WARNING,,no implementation found in warnings
proto_173bee44131bc454,sample_files/sudo/lib/zlib/deflate.h,OF,WARNING,,no implementation found in warnings
proto_4711c1e1a4f79b36,sample_files/sudo/lib/zlib/deflate.h,OF,WARNING,,no implementation found in warnings
proto_e8d3c31c67bccf83,sample_files/sudo/lib/zlib/deflate.h,OF,WARNING,,no implementation found in warnings
proto_f274b24cb1b418f4,sample_files/sudo/lib/zlib/deflate.h,OF,WARNING,,no implementation found in warnings
proto_852a03cbf046f4b7,sample_files/sudo/lib/zlib/gzguts.h,OF,WARNING,,no implementation found in warnings
proto_733a4bf703b6eee1,sample_files/sudo/lib/zlib/zlib.h,OF,WARNING,,no implementation found in warnings
proto_f88707151fd9d70d,sample_files/sudo/lib/zlib/zlib.h,OF,WARNING,,no implementation found in warnings
proto_dd619a946831687c,sample_files/sudo/lib/zlib/zlib.h,OF,WARNING,,no implementation found in warnings
proto_148cd73f7c064567,sample_files/sudo/lib/zlib/zlib.h,OF,WARNING,,no implementation found in warnings
proto_efdd134df6e4832,sample_files/sudo/lib/zlib/zlib.h,OF,WARNING,,no implementation found in warnings
proto_9bfd737c620cdaa5,sample_files/sudo/lib/zlib/zlib.h,OF,WARNING,,no implementation found in warnings
proto_37b8211572219d04,sample_files/sudo/lib/zlib/gzlib.c,OF,WARNING,,no implementation found in warnings
proto_d078abdffa659b78,sample_files/sudo/lib/zlib/gzlib.c,OF,WARNING,,no implementation found in warnings
proto_1a03cae4a850a13c,sample_files/sudo/lib/zlib/gzwrite.c,OF,WARNING,,no implementation found in warnings
proto_7f37238588aeaa6d,sample_files/sudo/lib/zlib/gzwrite.c,OF,WARNING,,no implementation found in warnings
proto_9d72ce08c2b035e1,sample_files/sudo/lib/zlib/gzwrite.c,OF,WARNING,,no implementation found in warnings
proto_38d356a5b3d312e0,sample_files/sudo/lib/zlib/trees.c,OF,WARNING,,no implementation found in warnings
proto_ae09a51ac93a2b49,sample_files/sudo/lib/zlib/trees.c,OF,WARNING,,no implementation found in warnings
proto_724ca4d9b4e4a687,sample_files/sudo/lib/zlib/trees.c,OF,WARNING,,no implementation found in warnings
proto_bd2d60009e8ba178,sample_files/sudo/lib/zlib/trees.c,OF,WARNING,,no implementation found in warnings
proto_9f66a8d96ed123e8,sample_files/sudo/lib/zlib/trees.c,OF,WARNING,,no implementation found in warnings
proto_fe2fe863782b38ff,sample_files/sudo/lib/zlib/trees.c,OF,WARNING,,no implementation found in warnings
proto_b819fa9858e2a727,sample_files/sudo/lib/zlib/trees.c,OF,WARNING,,no implementation found in warnings
proto_d344ef465b64266d,sample_files/sudo/lib/zlib/trees.c,OF,WARNING,,no implementation found in warnings
proto_62777c47188de87a,sample_files/sudo/lib/zlib/trees.c,OF,WARNING,,no implementation found in warnings
proto_a2b966c32abf874d,sample_files/sudo/lib/zlib/trees.c,OF,WARNING,,no implementation found in warnings
proto_a4ca095f7eb9ef1,sample_files/sudo/lib/zlib/trees.c,OF,WARNING,,no implementation found in warnings
proto_6baec9b1590f6ed9,sample_files/sudo/lib/zlib/trees.c,OF,WARNING,,no implementation found in warnings
proto_d502ac9e85275a63,sample_files/sudo/lib/zlib/trees.c,OF,WARNING,,no implementation found in warnings
proto_dc952fefca239f71,sample_files/sudo/lib/zlib/trees.c,OF,WARNING,,no implementation found in warnings
proto_e14d2f75af01a06c,sample_files/sudo/lib/zlib/trees.c,OF,WARNING,,no implementation found in warnings
proto_2cdcac3c0edacf73,sample_files/sudo/lib/zlib/trees.c,OF,WARNING,,no implementation found in warnings
proto_915fbdd64b78b982,sample_files/sudo/lib/zlib/trees.c,OF,WARNING,,no implementation found in warnings
proto_a2a3157fa42c72eb,sample_files/sudo/lib/zlib/adler32.c,OF,WARNING,,no implementation found in warnings
proto_2b64ab415d67874a,sample_files/sudo/libutil.h,clean_environment,WARNING,,no implementation found in warnings
proto_bd3d390ac8d7286a,sample_files/sudo/libutil.h,extattr_namespace_to_string,WARNING,,no implementation found in warnings
proto_1487847d6e465edb,sample_files/sudo/libutil.h,extattr_string_to_namespace,WARNING,,no implementation found in warnings
proto_8260fdfd1992e450,sample_files/sudo/libutil.h,login,WARNING,,no implementation found in warnings
proto_8344cf4ac7ecaed9,sample_files/sudo/libutil.h,login_tty,WARNING,,no implementation found in warnings
proto_f916e1d7ffef0737,sample_files/sudo/libutil.h,logout,WARNING,,no implementation found in warnings
proto_6bea7abfeeca37d8,sample_files/sudo/libutil.h,logwtmp,WARNING,,no implementation found in warnings
proto_ea4f7e82bef1d3fe,sample_files/sudo/libutil.h,trimdomain,WARNING,,no implementation found in warnings
proto_119b83324bd16f20,sample_files/sudo/libutil.h,openpty,WARNING,,no implementation found in warnings
proto_c3250f4888d1c469,sample_files/sudo/libutil.h,forkpty,WARNING,,no implementation found in warnings
proto_aa859c8bdaf47a93,sample_files/sudo/libutil.h,humanize_number,WARNING,,no implementation found in warnings
proto_8c4f61452ca19eee,sample_files/sudo/libutil.h,uu_lock,WARNING,,no implementation found in warnings
proto_11894e62c29a8443,sample_files/sudo/libutil.h,uu_unlock,WARNING,,no implementation found in warnings
proto_68c357b64d2e35a2,sample_files/sudo/libutil.h,uu_lock_txfr,WARNING,,no implementation found in warnings
proto_d21d5ed556c9bc58,sample_files/sudo/libutil.h,_secure_path,WARNING,,no implementation found in warnings
proto_cdebf375c415575a,sample_files/sudo/libutil.h,properties_read,WARNING,,no implementation found in warnings
proto_ca449a73c2c2c0d5,sample_files/sudo/libutil.h,properties_free,WARNING,,no implementation found in warnings
proto_315571e0de2a179d,sample_files/sudo/libutil.h,realhostname,WARNING,,no implementation found in warnings
proto_e8a282acef5ed3b6,sample_files/sudo/libutil.h,realhostname_sa,WARNING,,no implementation found in warnings
proto_8ca2431dcda4a8aa,sample_files/sudo/libutil.h,kld_isloaded,WARNING,,no implementation found in warnings
proto_642e58cea10a0bd2,sample_files/sudo/libutil.h,kld_load,WARNING,,no implementation found in warnings
proto_5d559b0146c20bea,sample_files/sudo/libutil.h,pw_copy,WARNING,,no implementation found in warnings
proto_7ea4b32adbd37fa,sample_files/sudo/libutil.h,pw_edit,WARNING,,no implementation found in warnings
proto_2ee66ded07dd8025,sample_files/sudo/libutil.h,pw_equal,WARNING,,no implementation found in warnings
proto_d81c8836ffc97474,sample_files/sudo/libutil.h,pw_fini,WARNING,,no implementation found in warnings
proto_8e1db88636ffb619,sample_files/sudo/libutil.h,pw_init,WARNING,,no implementation found in warnings
proto_b279db02e3d58a50,sample_files/sudo/libutil.h,pw_mkdb,WARNING,,no implementation found in warnings
proto_2f30fbd1cd831193,sample_files/sudo/libutil.h,pw_lock,WARNING,,no implementation found in warnings
proto_f21f96953c614ec4,sample_files/sudo/libutil.h,pw_tmp,WARNING,,no implementation found in warnings
proto_96f96742f38140ad,sample_files/sudo/libutil.h,pidfile_write,WARNING,,no implementation found in warnings
proto_63ab61a520f5c724,sample_files/sudo/libutil.h,pidfile_close,WARNING,,no implementation found in warnings
proto_b918e9bd3b9dfdd6,sample_files/sudo/libutil.h,pidfile_remove,WARNING,,no implementation found in warnings
proto_e47694392b8471e1,sample_files/sudo/src/parse_args.c,help,ALREADY_SET,func_47a91e3467abee98,
proto_31c294b0c56a7ab4,sample_files/sudo/src/parse_args.c,usage_excl,FOUND,func_f718fb2c4bd17b4a,
proto_5f4f5fb777d5cb10,sample_files/sudo/src/sudo.h,cleanup,WARNING,,no implementation found in warnings
proto_37662e040e14c822,sample_files/sudo/src/sudo.h,pipe_nonblock,ALREADY_SET,func_c7022fe46b1a4938,
proto_df8dca0b1a7c1d29,sample_files/sudo/src/sudo.h,sudo_execute,ALREADY_SET,func_4b8799b5c11694cb,
proto_6c5bb8e06ce56913,sample_files/sudo/src/sudo.h,parse_args,ALREADY_SET,func_a9b2f30a7922daea,
proto_4549c8c5d159a2a3,sample_files/sudo/src/sudo.h,get_pty,NOT_FOUND,,実装が見つかりません
proto_440cc4b85eb3cce1,sample_files/sudo/src/sudo.h,exec_setup,ALREADY_SET,func_26f11da002bfe7df,
proto_83c0f0bcdd5a7047,sample_files/sudo/src/sudo.h,policy_init_session,ALREADY_SET,func_60b85c3b9052052e,
proto_919a75e5cba705b0,sample_files/sudo/src/sudo.h,run_command,ALREADY_SET,func_2922592518804efb,
proto_3c080979a6dc4bb3,sample_files/sudo/src/sudo.h,os_init_common,ALREADY_SET,func_321cb0e0e500fada,
proto_6b1877c37ae05f83,sample_files/sudo/src/sudo.h,sudo_edit,NOT_FOUND,,実装が見つかりません
proto_d76997e9e5301d00,sample_files/sudo/src/sudo.h,usage,NOT_FOUND,,実装が見つかりません
proto_75413fb9a5ca1dc7,sample_files/sudo/src/sudo.h,os_init_openbsd,WARNING,,no implementation found in warnings
proto_ecbb6ccea8b39ca6,sample_files/sudo/src/sudo.h,selinux_restore_tty,ALREADY_SET,func_f767dac1ba6951ba,
proto_35ea9fac25732093,sample_files/sudo/src/sudo.h,selinux_setup,NOT_FOUND,,実装が見つかりません
proto_4f9d98cec06fac2a,sample_files/sudo/src/sudo.h,selinux_execve,NOT_FOUND,,実装が見つかりません
proto_c01cc0dfde3bde2b,sample_files/sudo/src/sudo.h,set_project,NOT_FOUND,,実装が見つかりません
proto_808b32064fe0fb6e,sample_files/sudo/src/sudo.h,os_init_solaris,WARNING,,no implementation found in warnings
proto_bfa88056b1f003f9,sample_files/sudo/src/sudo.h,register_hook,ALREADY_SET,func_715869cbde64a848,
proto_692683b0df3daf44,sample_files/sudo/src/sudo.h,deregister_hook,ALREADY_SET,func_1f1d16289496063c,
proto_f29d616179498800,sample_files/sudo/src/sudo.h,process_hooks_getenv,NOT_FOUND,,実装が見つかりません
proto_6ca9358ad739ebf6,sample_files/sudo/src/sudo.h,process_hooks_setenv,ALREADY_SET,func_494046379a0ebfd9,
proto_bf6f872a3c4002cb,sample_files/sudo/src/sudo.h,process_hooks_putenv,ALREADY_SET,func_b6f09996a72ae3dd,
proto_6c4e2fdc2da90e8a,sample_files/sudo/src/sudo.h,process_hooks_unsetenv,ALREADY_SET,func_8d46fce0468b7943,
proto_778aa0f4eb809b5b,sample_files/sudo/src/sudo.h,get_net_ifs,ALREADY_SET,func_da92480687d0055e,
proto_46fd68d644b8e5ca,sample_files/sudo/src/sudo.h,sudo_sigaction,ALREADY_SET,func_db65c674aff9c61,
proto_41be48ee86ffb171,sample_files/sudo/src/sudo.h,init_signals,ALREADY_SET,func_a008cb6add2b3dcf,
proto_16a65063b7e3aa8e,sample_files/sudo/src/sudo.h,restore_signals,ALREADY_SET,func_5ff8be720a48b169,
proto_c4af9d41e1079c95,sample_files/sudo/src/sudo.h,save_signals,ALREADY_SET,func_2d25789d88137132,
proto_a19ab857932b80ce,sample_files/sudo/src/sudo.h,preload_static_symbols,ALREADY_SET,func_858bf26b56157387,
proto_3a484d221e62b69f,sample_files/sudo/src/sudo.h,add_preserved_fd,ALREADY_SET,func_90b281a6c35cd58c,
proto_cf1e5e82962c2f6c,sample_files/sudo/src/sudo.h,closefrom_except,ALREADY_SET,func_3370ce6fe98af12d,
proto_888cba206a0bd2a0,sample_files/sudo/src/sudo.h,parse_preserved_fds,ALREADY_SET,func_25e4281259342006,
proto_f857b940c36a1627,sample_files/sudo/src/tgetpass.c,tty_present,ALREADY_SET,func_9077b1e463b39c74,
proto_1d57811fb94163cd,sample_files/sudo/src/tgetpass.c,tgetpass_handler,FOUND,func_dec9b5d074552670,
proto_2d824d89177bd4ce,sample_files/sudo/src/exec.c,signal_pipe_cb,ALREADY_SET,func_9d11ca6b89ea43a9,
proto_b5b92808eab72023,sample_files/sudo/src/exec.c,dispatch_pending_signals,ALREADY_SET,func_1cb6886e2ecb800a,
proto_619a4e42d80a6012,sample_files/sudo/src/exec.c,forward_signals,FOUND,func_7d0ae833362b59d3,
proto_269c4c6c77ee0875,sample_files/sudo/src/exec.c,schedule_signal,ALREADY_SET,func_bdbc43c98b7a6663,
proto_c0df41229ee8ba3f,sample_files/sudo/src/exec.c,handler_user_only,ALREADY_SET,func_808786b7c69095ba,
proto_9ff93ac4446b9df8,sample_files/sudo/src/regress/ttyname/check_ttyname.c,main,FOUND,func_182ca89b07cbc869,
proto_92f4db6a0d663d37,sample_files/sudo/src/sudo.c,fix_fds,ALREADY_SET,func_50cb22f6d2eb87f9,
proto_b4e600c3c31ad359,sample_files/sudo/src/sudo.c,disable_coredumps,ALREADY_SET,func_eb9978234d62ea6,
proto_92ea9337b1c2fd6e,sample_files/sudo/src/sudo.c,sudo_check_suid,FOUND,func_75f4f448c35d852f,
proto_1ae27c61376d4be9,sample_files/sudo/src/sudo.c,command_info_to_details,FOUND,func_4e6d568d1cb3e218,
proto_addf4ee46c601ffd,sample_files/sudo/src/sudo.c,gc_add,FOUND,func_83aa7f579567447b,
proto_8f30b2b8eb4371,sample_files/sudo/src/sudo.c,gc_init,ALREADY_SET,func_5bf953553b3a8ee9,
proto_64a7005fed375bc8,sample_files/sudo/src/sudo.c,policy_open,FOUND,func_1847d41ca780a159,
proto_f0f7f5258dcf48ac,sample_files/sudo/src/sudo.c,policy_close,FOUND,func_4118412b1296dbba,
proto_80fb74a696d9555d,sample_files/sudo/src/sudo.c,policy_show_version,ALREADY_SET,func_4a26402b01702f51,
proto_17aa7936d5ce7c23,sample_files/sudo/src/sudo.c,policy_check,FOUND,func_fd11db7c940281de,
proto_67e29d33259e551b,sample_files/sudo/src/sudo.c,policy_list,FOUND,func_37a1556eb2687c0a,
proto_2ecd9eb692377d1a,sample_files/sudo/src/sudo.c,policy_validate,ALREADY_SET,func_7d4d26a5f404ed72,
proto_11d4cd6d95094a3c,sample_files/sudo/src/sudo.c,policy_invalidate,ALREADY_SET,func_85992f806042753,
proto_e388758f7675d293,sample_files/sudo/src/sudo.c,iolog_open,FOUND,func_fecaa3628b7b6009,
proto_4f8bee4d01f6df96,sample_files/sudo/src/sudo.c,iolog_close,FOUND,func_fffc6a309c54151a,
proto_bc3e8bfa3ed412d8,sample_files/sudo/src/sudo.c,iolog_show_version,ALREADY_SET,func_c6d44791bf180e5,
proto_61849ea807b02202,sample_files/sudo/src/sudo.c,iolog_unlink,ALREADY_SET,func_c57d5122017276d,
proto_507ca29bbf936efc,sample_files/sudo/src/sudo.c,main,FOUND,func_b30db29214356d5b,
proto_d8bdaddd5e89201e,sample_files/sudo/src/sesh.c,main,FOUND,func_50a8eab6a275f86e,
proto_865adf520c60998d,sample_files/sudo/src/sesh.c,sesh_sudoedit,ALREADY_SET,func_d0b9846d6ba89a6b,
proto_ddb3dd235c51f2db,sample_files/sudo/src/sudo_exec.h,sudo_execve,ALREADY_SET,func_275877431c346ba,
proto_8188b0aaae1dc197,sample_files/sudo/src/sudo_exec.h,fork_pty,ALREADY_SET,func_8ad29e47dfa097d3,
proto_d5ebfbd413a52cba,sample_files/sudo/src/sudo_exec.h,suspend_parent,ALREADY_SET,func_7b9a3d8b228afd0f,
proto_2eb41c8ffc94c2fa,sample_files/sudo/src/sudo_exec.h,exec_cmnd,ALREADY_SET,func_62c6ab719df2dd72,
proto_50e0cb36696e1068,sample_files/sudo/src/sudo_exec.h,add_io_events,ALREADY_SET,func_227128df98dbeb9c,
proto_d3751966249f4c78,sample_files/sudo/src/sudo_exec.h,handler,ALREADY_SET,func_c809d99f94691baa,
proto_a3f94f0d84caf588,sample_files/sudo/src/sudo_exec.h,handler,ALREADY_SET,func_10d02c85b4b06be9,
proto_76aa45dd8129777b,sample_files/sudo/src/sudo_exec.h,pty_close,ALREADY_SET,func_874b0f94061a4f5d,
proto_2b59bcdbe56de8ba,sample_files/sudo/src/sudo_exec.h,pty_setup,ALREADY_SET,func_c9547186ff51b8e,
proto_c97182c2dd80621c,sample_files/sudo/src/sudo_exec.h,terminate_command,ALREADY_SET,func_fba7193d1a4daab3,
proto_95903c3ed1749b84,sample_files/sudo/src/sudo_exec.h,utmp_login,ALREADY_SET,func_bf07ab39d5cabdef,
proto_284962e7b59728fd,sample_files/sudo/src/sudo_exec.h,utmp_logout,ALREADY_SET,func_8457f09f8719eddf,
proto_d669053698dbd591,sample_files/sudo/src/sudo_plugin_int.h,sudo_conversation,ALREADY_SET,func_1cdc44cbbc347e83,
proto_d9001ef8b9875507,sample_files/sudo/src/sudo_plugin_int.h,sudo_conversation_1_7,ALREADY_SET,func_dd7a89440693aa61,
proto_a2c86724bad071a5,sample_files/sudo/src/sudo_plugin_int.h,sudo_conversation_printf,ALREADY_SET,func_9a01f749d988ebfd,
proto_4b3a789031c37bba,sample_files/sudo/src/sudo_plugin_int.h,sudo_load_plugins,ALREADY_SET,func_53234fbd0c1b95c6,
proto_28a9f6fea0ad3032,sample_files/sudo/src/exec_pty.c,del_io_events,ALREADY_SET,func_d58c4ea873d21aff,
proto_33b5df22f0cd54cc,sample_files/sudo/src/exec_pty.c,exec_monitor,ALREADY_SET,func_bd7c63d40b91abf0,
proto_fc4c7c344308374a,sample_files/sudo/src/exec_pty.c,exec_pty,ALREADY_SET,func_cd200db067602afb,
proto_15573f2fbd29975f,sample_files/sudo/src/exec_pty.c,sigwinch,ALREADY_SET,func_22d32eff48b005c8,
proto_71aba480441370cf,sample_files/sudo/src/exec_pty.c,sync_ttysize,ALREADY_SET,func_62da0ace48369594,
proto_add4c3e47390a304,sample_files/sudo/src/exec_pty.c,deliver_signal,ALREADY_SET,func_79d84173c302759c,
proto_1e21c6d9f66940d2,sample_files/sudo/src/exec_pty.c,safe_close,ALREADY_SET,func_ade45cd5b115d367,
proto_fb2e253db590f994,sample_files/sudo/src/exec_pty.c,ev_free_by_fd,ALREADY_SET,func_caee4fdcaa900930,
proto_bd53479eca3ddbbf,sample_files/sudo/src/exec_pty.c,check_foreground,ALREADY_SET,func_df3f2386dd19d36b,
