<function>
  <name></name>
  <purpose></purpose>
  <summary></summary>
  <arguments>
    <arg>
      <name></name>
      <type></type>
      <description></description>
    </arg>
    <!-- 複数のパラメータがある場合は、この構造を繰り返してください -->
  </arguments>
  <return-value>
    <type></type>
    <description></description>
  </return-value>
  <remarks></remarks>
  <process-flow>
    <step>
      <description></description>
      <rationale></rationale>
      <function_name></function_name>
    </step>
    <!-- 複数のステップがある場合は、この構造を繰り返してください -->
  </process-flow>
  <database-queries>
    <query>
      <description></description>
      <pseudo-sql></pseudo-sql>
    </query>
    <!-- 複数のクエリがある場合は、この構造を繰り返してください -->
  </database-queries>
</function>