<function>
  <name>fifo_mux_init</name>
  <purpose>指定された出力フォーマットとファイル名を基に新しいAVFormatContextを初期化し、既存のコンテキストの情報をコピーしてFIFOコンテキストに紐づける。</purpose>
  <summary>
    この関数は、FFmpegの出力フォーマットコンテキストを生成し、呼び出し元のフォーマットコンテキスト(avf)から必要な情報（コールバック、遅延、メタデータ、I/O関連設定、フラグ、ストリーム）を新しいコンテキスト(avf2)へコピーする。
    最終的にFIFOコンテキストにこの新しいコンテキストを設定することで、以後の出力処理に利用可能とする。
  </summary>
  <arguments>
    <arg>
      <name>avf</name>
      <type>AVFormatContext *</type>
      <description>初期化元となる入力AVFormatContext。priv_dataにはFifoContextが格納されている。</description>
    </arg>
    <arg>
      <name>oformat</name>
      <type>const AVOutputFormat *</type>
      <description>新しい出力フォーマットコンテキストに使用する出力フォーマット。</description>
    </arg>
    <arg>
      <name>filename</name>
      <type>const char *</type>
      <description>新しい出力コンテキストのターゲットファイル名。</description>
    </arg>
  </arguments>
  <return-value>
    <type>int</type>
    <description>成功時は0を返す。失敗時は負のエラーコードを返す（例: メモリ不足やメタデータコピー失敗）。</description>
  </return-value>
  <remarks>
    - avformat_alloc_output_context2 により新しい出力コンテキストが確保される。
    - メタデータコピーに失敗した場合やストリームのクローン作成に失敗した場合は即座にエラー終了する。
    - 外部リソースとしてデータベースやファイルI/Oには直接アクセスせず、FFmpegのAPI呼び出しを通して内部構造を設定する。
  </remarks>
  <process-flow>
    <step>
      <description>新しい出力フォーマットコンテキストを確保する。</description>
      <rationale>avformat_alloc_output_context2(&avf2, oformat, NULL, filename) の呼び出しに基づく。</rationale>
    </step>
    <step>
      <description>確保に失敗した場合、エラーコードを返して終了する。</description>
      <rationale>if (ret &lt; 0) return ret; の処理に基づく。</rationale>
    </step>
    <step>
      <description>FIFOコンテキストに新しいコンテキスト(avf2)を紐づける。</description>
      <rationale>fifo-&gt;avf = avf2; の代入に基づく。</rationale>
    </step>
    <step>
      <description>割り込みコールバック、遅延設定、メタデータ、opaque、I/O関連設定、フラグを元のコンテキスト(avf)からコピーする。</description>
      <rationale>avf2-&gt;interrupt_callback など一連の代入処理と av_dict_copy の呼び出しに基づく。</rationale>
    </step>
    <step>
      <description>メタデータコピーに失敗した場合、エラーコードを返して終了する。</description>
      <rationale>if (ret &lt; 0) return ret; の処理に基づく。</rationale>
    </step>
    <step>
      <description>すべてのストリームをクローンして新しいコンテキストに追加する。</description>
      <rationale>for ループ内の ff_stream_clone 呼び出しに基づく。</rationale>
    </step>
    <step>
      <description>ストリームのクローンに失敗した場合、メモリ不足エラーを返して終了する。</description>
      <rationale>if (!st) return AVERROR(ENOMEM); の処理に基づく。</rationale>
    </step>
    <step>
      <description>正常に処理が完了した場合、0を返す。</description>
      <rationale>return 0; の処理に基づく。</rationale>
    </step>
  </process-flow>
  <database-queries>
    <query>
      <description>&lt;不明&gt;</description>
      <pseudo-sql>&lt;不明&gt;</pseudo-sql>
    </query>
  </database-queries>
</function>

