[
  {
    "id": "func_3bf34ffdd4904544",
    "type": "func",
    "name": "prompeg_close",
    "file_path": "FFmpeg-master/libavformat/prompeg.c",
    "line_start": 450,
    "line_end": 467,
    "signature": "int prompeg_close(URLContext *h)",
    "calls": [
      "func_5565bc9b3bda7766",
      "func_d541fbad91d176f5",
      "func_b650db1712b3ba68"
    ]
  },
  {
    "id": "func_5565bc9b3bda7766",
    "type": "func",
    "name": "ffurl_closep",
    "file_path": "FFmpeg-master/libavformat/avio.c",
    "line_start": 589,
    "line_end": 610,
    "signature": "int ffurl_closep(URLContext **hh)",
    "calls": ["func_d541fbad91d176f5", "func_cb4296a33ad8a11b"]
  },
  {
    "id": "func_d541fbad91d176f5",
    "type": "func",
    "name": "av_freep",
    "file_path": "FFmpeg-master/libavutil/mem.c",
    "line_start": 247,
    "line_end": 254,
    "signature": "void av_freep(void *arg)",
    "calls": [],
    "warnings": [
      "Function 'memcpy' called at line 247 may not be visible (missing include?)"
    ]
  },
  {
    "id": "func_b650db1712b3ba68",
    "type": "func",
    "name": "av_free",
    "file_path": "FFmpeg-master/libavutil/mem.c",
    "line_start": 238,
    "line_end": 245,
    "signature": "void av_free(void *ptr)",
    "calls": [],
    "declared_at": ["proto_dcbee5fd72c46dbd"]
  },
  {
    "id": "func_cb4296a33ad8a11b",
    "type": "func",
    "name": "av_opt_free",
    "file_path": "FFmpeg-master/libavutil/opt.c",
    "line_start": 1949,
    "line_end": 1960,
    "signature": "void av_opt_free(void *obj)",
    "calls": [],
    "declared_at": ["proto_33b8c3bd455f4d28"]
  }
]
